,date,gov_response,containment_and_health,stringency,economics_sup,total_cases,new_cases,total_deaths,new_deaths,people_vaccinated_per_hundred,people_fully_vaccinated_per_hundred,total_boosters_per_hundred
0,2020-03-04,14.06,16.07,25.0,0.0,1.0,1.0,0.0,0.0,0.0,0.0,0.0
1,2020-03-05,14.06,16.07,25.0,0.0,1.0,0.0,0.0,0.0,0.0,0.0,0.0
2,2020-03-06,14.06,16.07,25.0,0.0,1.0,0.0,0.0,0.0,0.0,0.0,0.0
3,2020-03-07,14.06,16.07,25.0,0.0,1.0,0.0,0.0,0.0,0.0,0.0,0.0
4,2020-03-08,14.06,16.07,25.0,0.0,1.0,0.0,0.0,0.0,0.0,0.0,0.0
5,2020-03-09,14.06,16.07,25.0,0.0,1.0,0.0,0.0,0.0,0.0,0.0,0.0
6,2020-03-10,14.06,16.07,25.0,0.0,1.0,0.0,0.0,0.0,0.0,0.0,0.0
7,2020-03-11,14.06,16.07,25.0,0.0,3.0,2.0,0.0,0.0,0.0,0.0,0.0
8,2020-03-12,14.06,16.07,25.0,0.0,4.0,1.0,0.0,0.0,0.0,0.0,0.0
9,2020-03-13,35.94,41.07,63.89,0.0,5.0,1.0,0.0,0.0,0.0,0.0,0.0
10,2020-03-14,35.94,41.07,63.89,0.0,7.0,2.0,0.0,0.0,0.0,0.0,0.0
11,2020-03-15,35.94,41.07,63.89,0.0,11.0,4.0,0.0,0.0,0.0,0.0,0.0
12,2020-03-16,40.1,45.83,67.59,0.0,14.0,3.0,0.0,0.0,0.0,0.0,0.0
13,2020-03-17,38.54,44.05,64.81,0.0,19.0,5.0,0.0,0.0,0.0,0.0,0.0
14,2020-03-18,38.54,44.05,64.81,0.0,25.0,6.0,0.0,0.0,0.0,0.0,0.0
15,2020-03-19,38.54,44.05,64.81,0.0,34.0,9.0,0.0,0.0,0.0,0.0,0.0
16,2020-03-20,38.54,44.05,64.81,0.0,36.0,2.0,0.0,0.0,0.0,0.0,0.0
17,2020-03-21,38.54,44.05,64.81,0.0,44.0,8.0,0.0,0.0,0.0,0.0,0.0
18,2020-03-22,38.54,44.05,64.81,0.0,46.0,2.0,0.0,0.0,0.0,0.0,0.0
19,2020-03-23,42.71,48.81,64.81,0.0,48.0,2.0,0.0,0.0,0.0,0.0,0.0
20,2020-03-24,42.71,48.81,64.81,0.0,51.0,3.0,0.0,0.0,0.0,0.0,0.0
21,2020-03-25,42.71,48.81,64.81,0.0,53.0,2.0,0.0,0.0,0.0,0.0,0.0
22,2020-03-26,42.71,48.81,64.81,0.0,57.0,4.0,0.0,0.0,0.0,0.0,0.0
23,2020-03-27,42.71,48.81,64.81,0.0,61.0,4.0,0.0,0.0,0.0,0.0,0.0
24,2020-03-28,42.71,48.81,64.81,0.0,62.0,1.0,0.0,0.0,0.0,0.0,0.0
25,2020-03-29,42.71,48.81,64.81,0.0,63.0,1.0,0.0,0.0,0.0,0.0,0.0
26,2020-03-30,42.71,48.81,64.81,0.0,65.0,2.0,0.0,0.0,0.0,0.0,0.0
27,2020-03-31,42.71,48.81,64.81,0.0,69.0,4.0,0.0,0.0,0.0,0.0,0.0
28,2020-04-01,42.71,48.81,64.81,0.0,73.0,4.0,0.0,0.0,0.0,0.0,0.0
29,2020-04-02,42.71,48.81,64.81,0.0,76.0,3.0,0.0,0.0,0.0,0.0,0.0
30,2020-04-03,42.71,48.81,64.81,0.0,78.0,2.0,0.0,0.0,0.0,0.0,0.0
31,2020-04-04,42.71,48.81,64.81,0.0,78.0,0.0,1.0,1.0,0.0,0.0,0.0
32,2020-04-05,42.71,48.81,64.81,0.0,78.0,0.0,1.0,0.0,0.0,0.0,0.0
33,2020-04-06,42.71,48.81,64.81,0.0,78.0,0.0,1.0,0.0,0.0,0.0,0.0
34,2020-04-07,42.71,48.81,64.81,0.0,79.0,1.0,1.0,0.0,0.0,0.0,0.0
35,2020-04-08,42.71,48.81,64.81,0.0,79.0,0.0,1.0,0.0,0.0,0.0,0.0
36,2020-04-09,42.71,48.81,64.81,0.0,80.0,1.0,1.0,0.0,0.0,0.0,0.0
37,2020-04-10,42.71,48.81,64.81,0.0,80.0,0.0,1.0,0.0,0.0,0.0,0.0
38,2020-04-11,42.71,48.81,64.81,0.0,80.0,0.0,1.0,0.0,0.0,0.0,0.0
39,2020-04-12,42.71,48.81,64.81,0.0,81.0,1.0,1.0,0.0,0.0,0.0,0.0
40,2020-04-13,42.71,48.81,64.81,0.0,81.0,0.0,1.0,0.0,0.0,0.0,0.0
41,2020-04-14,42.71,48.81,64.81,0.0,81.0,0.0,1.0,0.0,0.0,0.0,0.0
42,2020-04-15,42.71,48.81,64.81,0.0,81.0,0.0,1.0,0.0,0.0,0.0,0.0
43,2020-04-16,42.71,48.81,64.81,0.0,81.0,0.0,1.0,0.0,0.0,0.0,0.0
44,2020-04-17,42.71,48.81,64.81,0.0,82.0,1.0,1.0,0.0,0.0,0.0,0.0
45,2020-04-18,42.71,48.81,64.81,0.0,82.0,0.0,1.0,0.0,0.0,0.0,0.0
46,2020-04-19,42.71,48.81,64.81,0.0,82.0,0.0,1.0,0.0,0.0,0.0,0.0
47,2020-04-20,42.71,48.81,64.81,0.0,82.0,0.0,1.0,0.0,0.0,0.0,0.0
48,2020-04-21,42.71,48.81,64.81,0.0,82.0,0.0,1.0,0.0,0.0,0.0,0.0
49,2020-04-22,42.71,48.81,64.81,0.0,82.0,0.0,1.0,0.0,0.0,0.0,0.0
50,2020-04-23,42.71,48.81,64.81,0.0,82.0,0.0,1.0,0.0,0.0,0.0,0.0
51,2020-04-24,42.71,48.81,64.81,0.0,83.0,1.0,1.0,0.0,0.0,0.0,0.0
52,2020-04-25,42.71,48.81,64.81,0.0,83.0,0.0,1.0,0.0,0.0,0.0,0.0
53,2020-04-26,42.71,48.81,64.81,0.0,83.0,0.0,1.0,0.0,0.0,0.0,0.0
54,2020-04-27,42.19,48.21,63.89,0.0,83.0,0.0,1.0,0.0,0.0,0.0,0.0
55,2020-04-28,42.19,48.21,63.89,0.0,83.0,0.0,1.0,0.0,0.0,0.0,0.0
56,2020-04-29,42.19,48.21,63.89,0.0,83.0,0.0,1.0,0.0,0.0,0.0,0.0
57,2020-04-30,42.19,48.21,63.89,0.0,83.0,0.0,1.0,0.0,0.0,0.0,0.0
58,2020-05-01,42.19,48.21,63.89,0.0,83.0,0.0,1.0,0.0,0.0,0.0,0.0
59,2020-05-02,42.19,48.21,63.89,0.0,83.0,0.0,1.0,0.0,0.0,0.0,0.0
60,2020-05-03,42.19,48.21,63.89,0.0,83.0,0.0,1.0,0.0,0.0,0.0,0.0
61,2020-05-04,42.19,48.21,63.89,0.0,83.0,0.0,1.0,0.0,0.0,0.0,0.0
62,2020-05-05,42.19,48.21,63.89,0.0,83.0,0.0,1.0,0.0,0.0,0.0,0.0
63,2020-05-06,42.19,48.21,63.89,0.0,83.0,0.0,1.0,0.0,0.0,0.0,0.0
64,2020-05-07,42.19,48.21,63.89,0.0,83.0,0.0,1.0,0.0,0.0,0.0,0.0
65,2020-05-08,42.19,48.21,63.89,0.0,83.0,0.0,1.0,0.0,0.0,0.0,0.0
66,2020-05-09,42.19,48.21,63.89,0.0,83.0,0.0,1.0,0.0,0.0,0.0,0.0
67,2020-05-10,42.19,48.21,63.89,0.0,83.0,0.0,1.0,0.0,0.0,0.0,0.0
68,2020-05-11,44.27,50.6,56.48,0.0,83.0,0.0,1.0,0.0,0.0,0.0,0.0
69,2020-05-12,44.27,50.6,56.48,0.0,83.0,0.0,1.0,0.0,0.0,0.0,0.0
70,2020-05-13,44.27,50.6,56.48,0.0,83.0,0.0,1.0,0.0,0.0,0.0,0.0
71,2020-05-14,44.27,50.6,56.48,0.0,83.0,0.0,1.0,0.0,0.0,0.0,0.0
72,2020-05-15,45.83,52.38,56.48,0.0,83.0,0.0,1.0,0.0,0.0,0.0,0.0
73,2020-05-16,45.83,52.38,56.48,0.0,83.0,0.0,1.0,0.0,0.0,0.0,0.0
74,2020-05-17,45.83,52.38,56.48,0.0,83.0,0.0,1.0,0.0,0.0,0.0,0.0
75,2020-05-18,45.83,52.38,56.48,0.0,83.0,0.0,1.0,0.0,0.0,0.0,0.0
76,2020-05-19,45.83,52.38,56.48,0.0,83.0,0.0,1.0,0.0,0.0,0.0,0.0
77,2020-05-20,45.83,52.38,56.48,0.0,83.0,0.0,1.0,0.0,0.0,0.0,0.0
78,2020-05-21,45.83,52.38,56.48,0.0,83.0,0.0,1.0,0.0,0.0,0.0,0.0
79,2020-05-22,45.83,52.38,56.48,0.0,83.0,0.0,1.0,0.0,0.0,0.0,0.0
80,2020-05-23,45.83,52.38,56.48,0.0,83.0,0.0,1.0,0.0,0.0,0.0,0.0
81,2020-05-24,45.83,52.38,56.48,0.0,83.0,0.0,1.0,0.0,0.0,0.0,0.0
82,2020-05-25,45.83,52.38,56.48,0.0,83.0,0.0,1.0,0.0,0.0,0.0,0.0
83,2020-05-26,45.83,52.38,56.48,0.0,83.0,0.0,1.0,0.0,0.0,0.0,0.0
84,2020-05-27,45.83,52.38,56.48,0.0,83.0,0.0,1.0,0.0,0.0,0.0,0.0
85,2020-05-28,45.83,52.38,56.48,0.0,83.0,0.0,1.0,0.0,0.0,0.0,0.0
86,2020-05-29,45.83,52.38,56.48,0.0,83.0,0.0,1.0,0.0,0.0,0.0,0.0
87,2020-05-30,45.83,52.38,56.48,0.0,83.0,0.0,1.0,0.0,0.0,0.0,0.0
88,2020-05-31,45.83,52.38,56.48,0.0,83.0,0.0,1.0,0.0,0.0,0.0,0.0
89,2020-06-01,45.83,52.38,56.48,0.0,83.0,0.0,1.0,0.0,0.0,0.0,0.0
90,2020-06-02,45.83,52.38,56.48,0.0,83.0,0.0,1.0,0.0,0.0,0.0,0.0
91,2020-06-03,45.83,52.38,56.48,0.0,83.0,0.0,1.0,0.0,0.0,0.0,0.0
92,2020-06-04,45.83,52.38,56.48,0.0,83.0,0.0,1.0,0.0,0.0,0.0,0.0
93,2020-06-05,45.83,52.38,56.48,0.0,83.0,0.0,1.0,0.0,0.0,0.0,0.0
94,2020-06-06,45.83,52.38,56.48,0.0,83.0,0.0,1.0,0.0,0.0,0.0,0.0
95,2020-06-07,45.83,52.38,56.48,0.0,83.0,0.0,1.0,0.0,0.0,0.0,0.0
96,2020-06-08,45.83,52.38,56.48,0.0,83.0,0.0,1.0,0.0,0.0,0.0,0.0
97,2020-06-09,45.83,52.38,56.48,0.0,83.0,0.0,1.0,0.0,0.0,0.0,0.0
98,2020-06-10,45.83,52.38,56.48,0.0,83.0,0.0,1.0,0.0,0.0,0.0,0.0
99,2020-06-11,45.83,52.38,56.48,0.0,83.0,0.0,1.0,0.0,0.0,0.0,0.0
100,2020-06-12,45.83,52.38,56.48,0.0,83.0,0.0,1.0,0.0,0.0,0.0,0.0
101,2020-06-13,45.83,52.38,56.48,0.0,83.0,0.0,1.0,0.0,0.0,0.0,0.0
102,2020-06-14,45.83,52.38,56.48,0.0,83.0,0.0,1.0,0.0,0.0,0.0,0.0
103,2020-06-15,45.83,52.38,56.48,0.0,83.0,0.0,1.0,0.0,0.0,0.0,0.0
104,2020-06-16,45.83,52.38,56.48,0.0,83.0,0.0,1.0,0.0,0.0,0.0,0.0
105,2020-06-17,45.83,52.38,56.48,0.0,83.0,0.0,1.0,0.0,0.0,0.0,0.0
106,2020-06-18,45.83,52.38,56.48,0.0,83.0,0.0,1.0,0.0,0.0,0.0,0.0
107,2020-06-19,45.83,52.38,56.48,0.0,83.0,0.0,1.0,0.0,0.0,0.0,0.0
108,2020-06-20,45.83,52.38,56.48,0.0,83.0,0.0,1.0,0.0,0.0,0.0,0.0
109,2020-06-21,45.83,52.38,56.48,0.0,83.0,0.0,1.0,0.0,0.0,0.0,0.0
110,2020-06-22,45.83,52.38,56.48,0.0,82.0,0.0,1.0,0.0,0.0,0.0,0.0
111,2020-06-23,45.83,52.38,56.48,0.0,79.0,0.0,1.0,0.0,0.0,0.0,0.0
112,2020-06-24,45.83,52.38,56.48,0.0,83.0,4.0,1.0,0.0,0.0,0.0,0.0
113,2020-06-25,45.83,52.38,56.48,0.0,83.0,0.0,1.0,0.0,0.0,0.0,0.0
114,2020-06-26,41.67,47.62,49.07,0.0,83.0,0.0,1.0,0.0,0.0,0.0,0.0
115,2020-06-27,41.67,47.62,49.07,0.0,83.0,0.0,1.0,0.0,0.0,0.0,0.0
116,2020-06-28,41.67,47.62,49.07,0.0,83.0,0.0,1.0,0.0,0.0,0.0,0.0
117,2020-06-29,41.67,47.62,49.07,0.0,83.0,0.0,1.0,0.0,0.0,0.0,0.0
118,2020-06-30,41.67,47.62,49.07,0.0,83.0,0.0,1.0,0.0,0.0,0.0,0.0
119,2020-07-01,41.67,47.62,49.07,0.0,83.0,0.0,1.0,0.0,0.0,0.0,0.0
120,2020-07-02,41.67,47.62,49.07,0.0,84.0,1.0,1.0,0.0,0.0,0.0,0.0
121,2020-07-03,38.54,44.05,43.52,0.0,84.0,0.0,1.0,0.0,0.0,0.0,0.0
122,2020-07-04,38.54,44.05,43.52,0.0,84.0,0.0,1.0,0.0,0.0,0.0,0.0
123,2020-07-05,38.54,44.05,43.52,0.0,84.0,0.0,1.0,0.0,0.0,0.0,0.0
124,2020-07-06,40.1,45.83,43.52,0.0,85.0,1.0,1.0,0.0,0.0,0.0,0.0
125,2020-07-07,40.1,45.83,43.52,0.0,85.0,0.0,1.0,0.0,0.0,0.0,0.0
126,2020-07-08,40.1,45.83,43.52,0.0,85.0,0.0,1.0,0.0,0.0,0.0,0.0
127,2020-07-09,40.1,45.83,43.52,0.0,85.0,0.0,1.0,0.0,0.0,0.0,0.0
128,2020-07-10,40.1,45.83,43.52,0.0,85.0,0.0,1.0,0.0,0.0,0.0,0.0
129,2020-07-11,40.1,45.83,43.52,0.0,85.0,0.0,1.0,0.0,0.0,0.0,0.0
130,2020-07-12,40.1,45.83,43.52,0.0,85.0,0.0,1.0,0.0,0.0,0.0,0.0
131,2020-07-13,40.1,45.83,43.52,0.0,85.0,0.0,1.0,0.0,0.0,0.0,0.0
132,2020-07-14,40.1,45.83,43.52,0.0,85.0,0.0,1.0,0.0,0.0,0.0,0.0
133,2020-07-15,40.1,45.83,43.52,0.0,85.0,0.0,1.0,0.0,0.0,0.0,0.0
134,2020-07-16,40.1,45.83,43.52,0.0,85.0,0.0,1.0,0.0,0.0,0.0,0.0
135,2020-07-17,40.1,45.83,43.52,0.0,86.0,1.0,1.0,0.0,0.0,0.0,0.0
136,2020-07-18,40.1,45.83,43.52,0.0,87.0,1.0,1.0,0.0,0.0,0.0,0.0
137,2020-07-19,40.1,45.83,43.52,0.0,87.0,0.0,1.0,0.0,0.0,0.0,0.0
138,2020-07-20,40.1,45.83,43.52,0.0,87.0,0.0,1.0,0.0,0.0,0.0,0.0
139,2020-07-21,40.1,45.83,43.52,0.0,87.0,0.0,1.0,0.0,0.0,0.0,0.0
140,2020-07-22,40.1,45.83,43.52,0.0,87.0,0.0,1.0,0.0,0.0,0.0,0.0
141,2020-07-23,40.1,45.83,43.52,0.0,87.0,0.0,1.0,0.0,0.0,0.0,0.0
142,2020-07-24,40.1,45.83,43.52,0.0,87.0,0.0,1.0,0.0,0.0,0.0,0.0
143,2020-07-25,40.1,45.83,43.52,0.0,87.0,0.0,1.0,0.0,0.0,0.0,0.0
144,2020-07-26,40.1,45.83,43.52,0.0,87.0,0.0,1.0,0.0,0.0,0.0,0.0
145,2020-07-27,40.1,45.83,43.52,0.0,87.0,0.0,1.0,0.0,0.0,0.0,0.0
146,2020-07-28,40.1,45.83,43.52,0.0,88.0,1.0,1.0,0.0,0.0,0.0,0.0
147,2020-07-29,40.1,45.83,43.52,0.0,89.0,1.0,1.0,0.0,0.0,0.0,0.0
148,2020-07-30,40.1,45.83,43.52,0.0,89.0,0.0,1.0,0.0,0.0,0.0,0.0
149,2020-07-31,40.1,45.83,43.52,0.0,89.0,0.0,1.0,0.0,0.0,0.0,0.0
150,2020-08-01,40.1,45.83,43.52,0.0,89.0,0.0,1.0,0.0,0.0,0.0,0.0
151,2020-08-02,40.1,45.83,43.52,0.0,89.0,0.0,1.0,0.0,0.0,0.0,0.0
152,2020-08-03,40.1,45.83,43.52,0.0,89.0,0.0,1.0,0.0,0.0,0.0,0.0
153,2020-08-04,40.1,45.83,43.52,0.0,89.0,0.0,1.0,0.0,0.0,0.0,0.0
154,2020-08-05,40.1,45.83,43.52,0.0,89.0,0.0,1.0,0.0,0.0,0.0,0.0
155,2020-08-06,40.1,45.83,43.52,0.0,89.0,0.0,1.0,0.0,0.0,0.0,0.0
156,2020-08-07,40.1,45.83,43.52,0.0,89.0,0.0,1.0,0.0,0.0,0.0,0.0
157,2020-08-08,40.1,45.83,43.52,0.0,89.0,0.0,1.0,0.0,0.0,0.0,0.0
158,2020-08-09,40.1,45.83,43.52,0.0,89.0,0.0,1.0,0.0,0.0,0.0,0.0
159,2020-08-10,40.1,45.83,43.52,0.0,89.0,0.0,1.0,0.0,0.0,0.0,0.0
160,2020-08-11,40.1,45.83,43.52,0.0,90.0,1.0,1.0,0.0,0.0,0.0,0.0
161,2020-08-12,40.1,45.83,43.52,0.0,91.0,1.0,1.0,0.0,0.0,0.0,0.0
162,2020-08-13,40.1,45.83,43.52,0.0,92.0,1.0,1.0,0.0,0.0,0.0,0.0
163,2020-08-14,40.1,45.83,43.52,0.0,93.0,1.0,1.0,0.0,0.0,0.0,0.0
164,2020-08-15,40.1,45.83,43.52,0.0,94.0,1.0,1.0,0.0,0.0,0.0,0.0
165,2020-08-16,40.1,45.83,43.52,0.0,94.0,0.0,1.0,0.0,0.0,0.0,0.0
166,2020-08-17,40.1,45.83,43.52,0.0,97.0,3.0,1.0,0.0,0.0,0.0,0.0
167,2020-08-18,40.1,45.83,43.52,0.0,98.0,1.0,1.0,0.0,0.0,0.0,0.0
168,2020-08-19,40.1,45.83,43.52,0.0,99.0,1.0,1.0,0.0,0.0,0.0,0.0
169,2020-08-20,40.1,45.83,43.52,0.0,99.0,0.0,1.0,0.0,0.0,0.0,0.0
170,2020-08-21,40.1,45.83,43.52,0.0,100.0,1.0,1.0,0.0,0.0,0.0,0.0
171,2020-08-22,40.1,45.83,43.52,0.0,100.0,0.0,1.0,0.0,0.0,0.0,0.0
172,2020-08-23,40.1,45.83,43.52,0.0,101.0,1.0,1.0,0.0,0.0,0.0,0.0
173,2020-08-24,40.1,45.83,43.52,0.0,101.0,0.0,1.0,0.0,0.0,0.0,0.0
174,2020-08-25,40.1,45.83,43.52,0.0,103.0,2.0,1.0,0.0,0.0,0.0,0.0
175,2020-08-26,40.1,45.83,43.52,0.0,105.0,2.0,1.0,0.0,0.0,0.0,0.0
176,2020-08-27,40.1,45.83,43.52,0.0,106.0,1.0,1.0,0.0,0.0,0.0,0.0
177,2020-08-28,40.1,45.83,43.52,0.0,107.0,1.0,1.0,0.0,0.0,0.0,0.0
178,2020-08-29,40.1,45.83,43.52,0.0,107.0,0.0,1.0,0.0,0.0,0.0,0.0
179,2020-08-30,40.1,45.83,43.52,0.0,108.0,1.0,1.0,0.0,0.0,0.0,0.0
180,2020-08-31,40.1,45.83,43.52,0.0,108.0,0.0,1.0,0.0,0.0,0.0,0.0
181,2020-09-01,40.1,45.83,43.52,0.0,108.0,0.0,1.0,0.0,0.0,0.0,0.0
182,2020-09-02,40.1,45.83,43.52,0.0,108.0,0.0,1.0,0.0,0.0,0.0,0.0
183,2020-09-03,40.1,45.83,43.52,0.0,108.0,0.0,1.0,0.0,0.0,0.0,0.0
184,2020-09-04,40.1,45.83,43.52,0.0,108.0,0.0,1.0,0.0,0.0,0.0,0.0
185,2020-09-05,40.1,45.83,43.52,0.0,108.0,0.0,1.0,0.0,0.0,0.0,0.0
186,2020-09-06,40.1,45.83,43.52,0.0,108.0,0.0,1.0,0.0,0.0,0.0,0.0
187,2020-09-07,40.1,45.83,43.52,0.0,108.0,0.0,1.0,0.0,0.0,0.0,0.0
188,2020-09-08,40.1,45.83,43.52,0.0,108.0,0.0,1.0,0.0,0.0,0.0,0.0
189,2020-09-09,40.1,45.83,43.52,0.0,109.0,1.0,1.0,0.0,0.0,0.0,0.0
190,2020-09-10,40.1,45.83,43.52,0.0,109.0,0.0,1.0,0.0,0.0,0.0,0.0
191,2020-09-11,40.1,45.83,43.52,0.0,109.0,0.0,1.0,0.0,0.0,0.0,0.0
192,2020-09-12,40.1,45.83,43.52,0.0,111.0,2.0,1.0,0.0,0.0,0.0,0.0
193,2020-09-13,40.1,45.83,43.52,0.0,111.0,0.0,1.0,0.0,0.0,0.0,0.0
194,2020-09-14,40.1,45.83,43.52,0.0,111.0,0.0,1.0,0.0,0.0,0.0,0.0
195,2020-09-15,40.1,45.83,43.52,0.0,111.0,0.0,1.0,0.0,0.0,0.0,0.0
196,2020-09-16,40.1,45.83,43.52,0.0,111.0,0.0,1.0,0.0,0.0,0.0,0.0
197,2020-09-17,40.1,45.83,43.52,0.0,112.0,1.0,1.0,0.0,0.0,0.0,0.0
198,2020-09-18,40.1,45.83,43.52,0.0,112.0,0.0,1.0,0.0,0.0,0.0,0.0
199,2020-09-19,40.1,45.83,43.52,0.0,113.0,1.0,1.0,0.0,0.0,0.0,0.0
200,2020-09-20,40.1,45.83,43.52,0.0,114.0,1.0,1.0,0.0,0.0,0.0,0.0
201,2020-09-21,40.1,45.83,43.52,0.0,115.0,1.0,1.0,0.0,0.0,0.0,0.0
202,2020-09-22,40.1,45.83,43.52,0.0,116.0,1.0,1.0,0.0,0.0,0.0,0.0
203,2020-09-23,40.1,45.83,43.52,0.0,117.0,1.0,1.0,0.0,0.0,0.0,0.0
204,2020-09-24,40.1,45.83,43.52,0.0,117.0,0.0,1.0,0.0,0.0,0.0,0.0
205,2020-09-25,40.1,45.83,43.52,0.0,118.0,1.0,1.0,0.0,0.0,0.0,0.0
206,2020-09-26,40.1,45.83,43.52,0.0,119.0,1.0,1.0,0.0,0.0,0.0,0.0
207,2020-09-27,40.1,45.83,43.52,0.0,119.0,0.0,1.0,0.0,0.0,0.0,0.0
208,2020-09-28,40.1,45.83,43.52,0.0,119.0,0.0,1.0,0.0,0.0,0.0,0.0
209,2020-09-29,40.1,45.83,43.52,0.0,120.0,1.0,1.0,0.0,0.0,0.0,0.0
210,2020-09-30,40.1,45.83,43.52,0.0,120.0,0.0,1.0,0.0,0.0,0.0,0.0
211,2020-10-01,40.1,45.83,43.52,0.0,121.0,1.0,1.0,0.0,0.0,0.0,0.0
212,2020-10-02,40.1,45.83,43.52,0.0,122.0,1.0,1.0,0.0,0.0,0.0,0.0
213,2020-10-03,40.1,45.83,43.52,0.0,125.0,3.0,1.0,0.0,0.0,0.0,0.0
214,2020-10-04,40.1,45.83,43.52,0.0,128.0,3.0,1.0,0.0,0.0,0.0,0.0
215,2020-10-05,40.1,45.83,43.52,0.0,129.0,1.0,1.0,0.0,0.0,0.0,0.0
216,2020-10-06,40.1,45.83,43.52,0.0,132.0,3.0,1.0,0.0,0.0,0.0,0.0
217,2020-10-07,40.1,45.83,43.52,0.0,133.0,1.0,1.0,0.0,0.0,0.0,0.0
218,2020-10-08,40.1,45.83,43.52,0.0,136.0,3.0,1.0,0.0,0.0,0.0,0.0
219,2020-10-09,40.1,45.83,43.52,0.0,139.0,3.0,1.0,0.0,0.0,0.0,0.0
220,2020-10-10,40.1,45.83,43.52,0.0,145.0,6.0,1.0,0.0,0.0,0.0,0.0
221,2020-10-11,40.1,45.83,43.52,0.0,150.0,5.0,1.0,0.0,0.0,0.0,0.0
222,2020-10-12,40.1,45.83,43.52,0.0,150.0,0.0,1.0,0.0,0.0,0.0,0.0
223,2020-10-13,40.1,45.83,43.52,0.0,164.0,14.0,1.0,0.0,0.0,0.0,0.0
224,2020-10-14,40.1,45.83,43.52,0.0,177.0,13.0,1.0,0.0,0.0,0.0,0.0
225,2020-10-15,40.1,45.83,43.52,0.0,185.0,8.0,1.0,0.0,0.0,0.0,0.0
226,2020-10-16,40.1,45.83,43.52,0.0,202.0,17.0,1.0,0.0,0.0,0.0,0.0
227,2020-10-17,40.1,45.83,43.52,0.0,220.0,18.0,1.0,0.0,0.0,0.0,0.0
228,2020-10-18,40.1,45.83,43.52,0.0,226.0,6.0,1.0,0.0,0.0,0.0,0.0
229,2020-10-19,40.1,45.83,43.52,0.0,228.0,2.0,1.0,0.0,0.0,0.0,0.0
230,2020-10-20,40.1,45.83,43.52,0.0,258.0,30.0,1.0,0.0,0.0,0.0,0.0
231,2020-10-21,40.1,45.83,43.52,0.0,289.0,31.0,1.0,0.0,0.0,0.0,0.0
232,2020-10-22,40.1,45.83,43.52,0.0,326.0,37.0,1.0,0.0,0.0,0.0,0.0
233,2020-10-23,40.1,45.83,43.52,0.0,352.0,26.0,1.0,0.0,0.0,0.0,0.0
234,2020-10-24,44.27,50.6,50.93,0.0,375.0,23.0,1.0,0.0,0.0,0.0,0.0
235,2020-10-25,44.27,50.6,50.93,0.0,412.0,37.0,1.0,0.0,0.0,0.0,0.0
236,2020-10-26,44.27,50.6,50.93,0.0,435.0,23.0,1.0,0.0,0.0,0.0,0.0
237,2020-10-27,44.27,50.6,50.93,0.0,461.0,26.0,1.0,0.0,0.0,0.0,0.0
238,2020-10-28,44.27,50.6,50.93,0.0,484.0,23.0,1.0,0.0,0.0,0.0,0.0
239,2020-10-29,44.27,50.6,50.93,0.0,520.0,36.0,1.0,0.0,0.0,0.0,0.0
240,2020-10-30,44.27,50.6,50.93,0.0,547.0,27.0,2.0,1.0,0.0,0.0,0.0
241,2020-10-31,44.27,50.6,50.93,0.0,576.0,29.0,3.0,1.0,0.0,0.0,0.0
242,2020-11-01,44.27,50.6,50.93,0.0,601.0,25.0,3.0,0.0,0.0,0.0,0.0
243,2020-11-02,44.27,50.6,50.93,0.0,623.0,22.0,3.0,0.0,0.0,0.0,0.0
244,2020-11-03,44.27,50.6,50.93,0.0,668.0,45.0,3.0,0.0,0.0,0.0,0.0
245,2020-11-04,47.4,54.17,56.48,0.0,703.0,35.0,3.0,0.0,0.0,0.0,0.0
246,2020-11-05,47.4,54.17,56.48,0.0,742.0,39.0,3.0,0.0,0.0,0.0,0.0
247,2020-11-06,47.4,54.17,56.48,0.0,781.0,39.0,3.0,0.0,0.0,0.0,0.0
248,2020-11-07,47.4,54.17,56.48,0.0,803.0,22.0,3.0,0.0,0.0,0.0,0.0
249,2020-11-08,47.4,54.17,56.48,0.0,818.0,15.0,3.0,0.0,0.0,0.0,0.0
250,2020-11-09,47.4,54.17,56.48,0.0,840.0,22.0,4.0,1.0,0.0,0.0,0.0
251,2020-11-10,47.4,54.17,56.48,0.0,889.0,49.0,4.0,0.0,0.0,0.0,0.0
252,2020-11-11,47.4,54.17,56.48,0.0,924.0,35.0,4.0,0.0,0.0,0.0,0.0
253,2020-11-12,47.4,54.17,56.48,0.0,947.0,23.0,4.0,0.0,0.0,0.0,0.0
254,2020-11-13,47.4,54.17,56.48,0.0,968.0,21.0,5.0,1.0,0.0,0.0,0.0
255,2020-11-14,47.4,54.17,56.48,0.0,993.0,25.0,5.0,0.0,0.0,0.0,0.0
256,2020-11-15,47.4,54.17,56.48,0.0,1011.0,18.0,6.0,1.0,0.0,0.0,0.0
257,2020-11-16,47.4,54.17,56.48,0.0,1022.0,11.0,8.0,2.0,0.0,0.0,0.0
258,2020-11-17,47.4,54.17,56.48,0.0,1048.0,26.0,9.0,1.0,0.0,0.0,0.0
259,2020-11-18,47.4,54.17,56.48,0.0,1083.0,35.0,9.0,0.0,0.0,0.0,0.0
260,2020-11-19,47.4,54.17,56.48,0.0,1102.0,19.0,9.0,0.0,0.0,0.0,0.0
261,2020-11-20,47.4,54.17,56.48,0.0,1121.0,19.0,9.0,0.0,0.0,0.0,0.0
262,2020-11-21,47.4,54.17,56.48,0.0,1137.0,16.0,9.0,0.0,0.0,0.0,0.0
263,2020-11-22,47.4,54.17,56.48,0.0,1151.0,14.0,10.0,1.0,0.0,0.0,0.0
264,2020-11-23,47.4,54.17,56.48,0.0,1182.0,31.0,13.0,3.0,0.0,0.0,0.0
265,2020-11-24,47.4,54.17,56.48,0.0,1210.0,28.0,14.0,1.0,0.0,0.0,0.0
266,2020-11-25,47.4,54.17,56.48,0.0,1232.0,22.0,15.0,1.0,0.0,0.0,0.0
267,2020-11-26,47.4,54.17,56.48,0.0,1262.0,30.0,15.0,0.0,0.0,0.0,0.0
268,2020-11-27,47.4,54.17,56.48,0.0,1279.0,17.0,16.0,1.0,0.0,0.0,0.0
269,2020-11-28,47.4,54.17,56.48,0.0,1285.0,6.0,17.0,1.0,0.0,0.0,0.0
270,2020-11-29,47.4,54.17,56.48,0.0,1301.0,16.0,17.0,0.0,0.0,0.0,0.0
271,2020-11-30,47.4,54.17,56.48,0.0,1312.0,11.0,17.0,0.0,0.0,0.0,0.0
272,2020-12-01,47.4,54.17,56.48,0.0,1345.0,33.0,17.0,0.0,0.0,0.0,0.0
273,2020-12-02,47.4,54.17,56.48,0.0,1369.0,24.0,17.0,0.0,0.0,0.0,0.0
274,2020-12-03,47.4,54.17,56.48,0.0,1384.0,15.0,18.0,1.0,0.0,0.0,0.0
275,2020-12-04,47.4,54.17,56.48,0.0,1401.0,17.0,18.0,0.0,0.0,0.0,0.0
276,2020-12-05,47.4,54.17,56.48,0.0,1418.0,17.0,18.0,0.0,0.0,0.0,0.0
277,2020-12-06,47.4,54.17,56.48,0.0,1431.0,13.0,19.0,1.0,0.0,0.0,0.0
278,2020-12-07,47.4,54.17,56.48,0.0,1435.0,4.0,20.0,1.0,0.0,0.0,0.0
279,2020-12-08,47.4,54.17,56.48,0.0,1458.0,23.0,20.0,0.0,0.0,0.0,0.0
280,2020-12-09,47.4,54.17,56.48,0.0,1474.0,16.0,20.0,0.0,0.0,0.0,0.0
281,2020-12-10,47.4,54.17,56.48,0.0,1495.0,21.0,20.0,0.0,0.0,0.0,0.0
282,2020-12-11,47.4,54.17,56.48,0.0,1518.0,23.0,21.0,1.0,0.0,0.0,0.0
283,2020-12-12,47.4,54.17,56.48,0.0,1548.0,30.0,21.0,0.0,0.0,0.0,0.0
284,2020-12-13,47.4,54.17,56.48,0.0,1575.0,27.0,21.0,0.0,0.0,0.0,0.0
285,2020-12-14,47.4,54.17,56.48,0.0,1606.0,31.0,22.0,1.0,0.0,0.0,0.0
286,2020-12-15,47.4,54.17,56.48,0.0,1638.0,32.0,22.0,0.0,0.0,0.0,0.0
287,2020-12-16,47.4,54.17,56.48,0.0,1678.0,40.0,22.0,0.0,0.0,0.0,0.0
288,2020-12-17,47.4,54.17,56.48,0.0,1713.0,35.0,22.0,0.0,0.0,0.0,0.0
289,2020-12-18,47.4,54.17,56.48,0.0,1749.0,36.0,24.0,2.0,0.0,0.0,0.0
290,2020-12-19,47.4,54.17,56.48,0.0,1797.0,48.0,26.0,2.0,0.0,0.0,0.0
291,2020-12-20,47.4,54.17,56.48,0.0,1829.0,32.0,26.0,0.0,0.0,0.0,0.0
292,2020-12-21,47.4,54.17,56.48,0.0,1849.0,20.0,29.0,3.0,0.0,0.0,0.0
293,2020-12-22,47.4,54.17,56.48,0.0,1891.0,42.0,30.0,1.0,0.0,0.0,0.0
294,2020-12-23,47.4,54.17,56.48,0.0,1950.0,59.0,31.0,1.0,0.0,0.0,0.0
295,2020-12-24,49.48,56.55,56.48,0.0,2000.0,50.0,32.0,1.0,0.0,0.0,0.0
296,2020-12-25,49.48,56.55,56.48,0.0,2034.0,34.0,34.0,2.0,0.0,0.0,0.0
297,2020-12-26,49.48,56.55,56.48,0.0,2063.0,29.0,38.0,4.0,0.0,0.0,0.0
298,2020-12-27,49.48,56.55,56.48,0.0,2086.0,23.0,39.0,1.0,0.0,0.0,0.0
299,2020-12-28,49.48,56.55,56.48,0.0,2115.0,29.0,40.0,1.0,0.0,0.0,0.0
300,2020-12-29,49.48,56.55,56.48,0.0,2153.0,38.0,41.0,1.0,0.0,0.0,0.0
301,2020-12-30,49.48,56.55,56.48,0.0,2190.0,37.0,43.0,2.0,0.0,0.0,0.0
302,2020-12-31,49.48,56.55,56.48,0.0,2221.0,31.0,44.0,1.0,0.0,0.0,0.0
303,2021-01-01,49.48,56.55,56.48,0.0,2245.0,24.0,44.0,0.0,0.0,0.0,0.0
304,2021-01-02,49.48,56.55,56.48,0.0,2259.0,14.0,44.0,0.0,0.0,0.0,0.0
305,2021-01-03,49.48,56.55,56.48,0.0,2282.0,23.0,44.0,0.0,0.0,0.0,0.0
306,2021-01-04,49.48,56.55,56.48,0.0,2301.0,19.0,46.0,2.0,0.01,0.0,0.0
307,2021-01-05,49.48,56.55,56.48,0.0,2332.0,31.0,48.0,2.0,0.01,0.0,0.0
308,2021-01-06,49.48,56.55,56.48,0.0,2362.0,30.0,48.0,0.0,0.01,0.0,0.0
309,2021-01-07,49.48,56.55,56.48,0.0,2372.0,10.0,48.0,0.0,0.02,0.0,0.0
310,2021-01-08,49.48,56.55,56.48,0.0,2382.0,10.0,50.0,2.0,0.02,0.0,0.0
311,2021-01-09,49.48,56.55,56.48,0.0,2395.0,13.0,50.0,0.0,0.02,0.0,0.0
312,2021-01-10,49.48,56.55,56.48,0.0,2403.0,8.0,50.0,0.0,0.02,0.0,0.0
313,2021-01-11,49.48,56.55,56.48,0.0,2412.0,9.0,50.0,0.0,0.02,0.0,0.0
314,2021-01-12,49.48,56.55,56.48,0.0,2428.0,16.0,50.0,0.0,0.04,0.0,0.0
315,2021-01-13,49.48,56.55,56.48,0.0,2437.0,9.0,50.0,0.0,0.04,0.0,0.0
316,2021-01-14,49.48,56.55,56.48,0.0,2441.0,4.0,50.0,0.0,0.06,0.0,0.0
317,2021-01-15,51.98,59.4,56.48,0.0,2442.0,1.0,50.0,0.0,0.11,0.0,0.0
318,2021-01-16,51.98,59.4,56.48,0.0,2446.0,4.0,50.0,0.0,0.12,0.0,0.0
319,2021-01-17,51.98,59.4,56.48,0.0,2452.0,6.0,50.0,0.0,0.12,0.0,0.0
320,2021-01-18,51.98,59.4,56.48,0.0,2458.0,6.0,51.0,1.0,0.32,0.0,0.0
321,2021-01-19,51.98,59.4,56.48,0.0,2468.0,10.0,51.0,0.0,0.54,0.0,0.0
322,2021-01-20,51.98,59.4,56.48,0.0,2478.0,10.0,52.0,1.0,0.68,0.0,0.0
323,2021-01-21,51.98,59.4,56.48,0.0,2495.0,17.0,52.0,0.0,0.82,0.0,0.0
324,2021-01-22,51.98,59.4,56.48,0.0,2500.0,5.0,53.0,1.0,0.96,0.0,0.0
325,2021-01-23,51.98,59.4,56.48,0.0,2506.0,6.0,53.0,0.0,0.97,0.0,0.0
326,2021-01-24,51.98,59.4,56.48,0.0,2511.0,5.0,53.0,0.0,0.97,0.0,0.0
327,2021-01-25,51.98,59.4,56.48,0.0,2522.0,11.0,53.0,0.0,1.16,0.0,0.0
328,2021-01-26,51.98,59.4,56.48,0.0,2526.0,4.0,53.0,0.0,1.35,0.0,0.0
329,2021-01-27,51.98,59.4,56.48,0.0,2543.0,17.0,53.0,0.0,1.37,0.0,0.0
330,2021-01-28,51.98,59.4,56.48,0.0,2552.0,9.0,53.0,0.0,1.7,0.0,0.0
331,2021-01-29,51.98,59.4,56.48,0.0,2561.0,9.0,53.0,0.0,2.08,0.0,0.0
332,2021-01-30,51.98,59.4,56.48,0.0,2563.0,2.0,53.0,0.0,2.09,0.0,0.0
333,2021-01-31,51.98,59.4,56.48,0.0,2565.0,2.0,53.0,0.0,2.1,0.0,0.0
334,2021-02-01,51.98,59.4,56.48,0.0,2567.0,2.0,53.0,0.0,2.1,0.0,0.0
335,2021-02-02,51.98,59.4,56.48,0.0,2579.0,12.0,53.0,0.0,2.14,0.01,0.0
336,2021-02-03,51.98,59.4,56.48,0.0,2582.0,3.0,53.0,0.0,2.15,0.02,0.0
337,2021-02-04,51.98,59.4,56.48,0.0,2587.0,5.0,53.0,0.0,2.26,0.03,0.0
338,2021-02-05,51.98,59.4,56.48,0.0,2588.0,1.0,53.0,0.0,2.29,0.08,0.0
339,2021-02-06,51.98,59.4,56.48,0.0,2591.0,3.0,53.0,0.0,2.29,0.08,0.0
340,2021-02-07,51.98,59.4,56.48,0.0,2595.0,4.0,53.0,0.0,2.29,0.08,0.0
341,2021-02-08,50.42,57.62,53.7,0.0,2598.0,3.0,54.0,1.0,2.29,0.29,0.0
342,2021-02-09,50.42,57.62,53.7,0.0,2603.0,5.0,54.0,0.0,2.3,0.5,0.0
343,2021-02-10,50.42,57.62,53.7,0.0,2607.0,4.0,54.0,0.0,2.32,0.62,0.0
344,2021-02-11,50.42,57.62,53.7,0.0,2609.0,2.0,54.0,0.0,2.33,0.77,0.0
345,2021-02-12,50.42,57.62,53.7,0.0,2612.0,3.0,54.0,0.0,2.34,0.89,0.0
346,2021-02-13,50.42,57.62,53.7,0.0,2612.0,0.0,55.0,1.0,2.34,0.89,0.0
347,2021-02-14,50.42,57.62,53.7,0.0,2613.0,1.0,55.0,0.0,2.34,0.89,0.0
348,2021-02-15,50.42,57.62,53.7,0.0,2614.0,1.0,55.0,0.0,2.34,1.06,0.0
349,2021-02-16,50.42,57.62,53.7,0.0,2615.0,1.0,55.0,0.0,2.86,1.2,0.0
350,2021-02-17,50.42,57.62,53.7,0.0,2616.0,1.0,55.0,0.0,3.37,1.2,0.0
351,2021-02-18,50.42,57.62,53.7,0.0,2617.0,1.0,55.0,0.0,3.7,1.21,0.0
352,2021-02-19,50.42,57.62,53.7,0.0,2619.0,2.0,55.0,0.0,3.71,1.3,0.0
353,2021-02-20,50.42,57.62,53.7,0.0,2619.0,0.0,55.0,0.0,3.71,1.3,0.0
354,2021-02-21,50.42,57.62,53.7,0.0,2620.0,1.0,55.0,0.0,3.71,1.3,0.0
355,2021-02-22,50.42,57.62,53.7,0.0,2624.0,4.0,55.0,0.0,4.23,1.3,0.0
356,2021-02-23,50.42,57.62,53.7,0.0,2627.0,3.0,55.0,0.0,4.75,1.35,0.0
357,2021-02-24,50.42,57.62,53.7,0.0,2633.0,6.0,55.0,0.0,4.75,1.36,0.0
358,2021-02-25,50.42,57.62,53.7,0.0,2640.0,7.0,55.0,0.0,4.77,1.66,0.0
359,2021-02-26,50.42,57.62,53.7,0.0,2642.0,2.0,55.0,0.0,4.77,2.09,0.0
360,2021-02-27,50.42,57.62,53.7,0.0,2643.0,1.0,55.0,0.0,4.77,2.09,0.0
361,2021-02-28,50.42,57.62,53.7,0.0,2648.0,5.0,55.0,0.0,4.77,2.09,0.0
362,2021-03-01,48.85,55.83,48.15,0.0,2652.0,4.0,55.0,0.0,4.78,2.1,0.0
363,2021-03-02,48.85,55.83,48.15,0.0,2653.0,1.0,55.0,0.0,4.79,2.14,0.0
364,2021-03-03,48.85,55.83,48.15,0.0,2658.0,5.0,55.0,0.0,5.11,2.16,0.0
365,2021-03-04,48.85,55.83,48.15,0.0,2663.0,5.0,55.0,0.0,5.62,2.19,0.0
366,2021-03-05,48.85,55.83,48.15,0.0,2665.0,2.0,56.0,1.0,6.16,2.2,0.0
367,2021-03-06,48.85,55.83,48.15,0.0,2666.0,1.0,56.0,0.0,6.16,2.21,0.0
368,2021-03-07,48.85,55.83,48.15,0.0,2668.0,2.0,56.0,0.0,6.16,2.21,0.0
369,2021-03-08,48.85,55.83,48.15,0.0,2670.0,2.0,56.0,0.0,6.16,2.22,0.0
370,2021-03-09,48.85,55.83,48.15,0.0,2670.0,0.0,56.0,0.0,6.7,2.23,0.0
371,2021-03-10,48.85,55.83,48.15,0.0,2670.0,0.0,56.0,0.0,7.23,2.23,0.0
372,2021-03-11,48.85,55.83,48.15,0.0,2677.0,7.0,56.0,0.0,7.85,2.25,0.0
373,2021-03-12,48.85,55.83,48.15,0.0,2678.0,1.0,56.0,0.0,7.85,2.26,0.0
374,2021-03-13,48.85,55.83,48.15,0.0,2682.0,4.0,56.0,0.0,7.85,2.26,0.0
375,2021-03-14,48.85,55.83,48.15,0.0,2688.0,6.0,56.0,0.0,7.85,2.26,0.0
376,2021-03-15,48.85,55.83,48.15,0.0,2691.0,3.0,56.0,0.0,7.87,2.27,0.0
377,2021-03-16,48.85,55.83,48.15,0.0,2693.0,2.0,56.0,0.0,7.93,2.78,0.0
378,2021-03-17,48.85,55.83,48.15,0.0,2696.0,3.0,56.0,0.0,8.02,3.33,0.0
379,2021-03-18,48.85,55.83,48.15,0.0,2699.0,3.0,56.0,0.0,8.06,3.66,0.0
380,2021-03-19,48.85,55.83,48.15,0.0,2702.0,3.0,56.0,0.0,8.07,3.67,0.0
381,2021-03-20,48.85,55.83,48.15,0.0,2706.0,4.0,56.0,0.0,8.07,3.67,0.0
382,2021-03-21,48.85,55.83,48.15,0.0,2709.0,3.0,56.0,0.0,8.07,3.67,0.0
383,2021-03-22,48.85,55.83,48.15,0.0,2711.0,2.0,56.0,0.0,8.07,4.18,0.0
384,2021-03-23,48.85,55.83,48.15,0.0,2714.0,3.0,56.0,0.0,8.11,4.69,0.0
385,2021-03-24,48.85,55.83,48.15,0.0,2720.0,6.0,56.0,0.0,8.73,4.7,0.0
386,2021-03-25,48.85,55.83,48.15,0.0,2723.0,3.0,56.0,0.0,9.35,4.7,0.0
387,2021-03-26,48.85,55.83,48.15,0.0,2727.0,4.0,56.0,0.0,9.97,4.71,0.0
388,2021-03-27,48.85,55.83,48.15,0.0,2730.0,3.0,56.0,0.0,9.97,4.71,0.0
389,2021-03-28,48.85,55.83,48.15,0.0,2737.0,7.0,56.0,0.0,9.97,4.71,0.0
390,2021-03-29,47.29,54.05,45.37,0.0,2743.0,6.0,56.0,0.0,10.6,4.72,0.0
391,2021-03-30,47.29,54.05,45.37,0.0,2749.0,6.0,56.0,0.0,11.22,4.75,0.0
392,2021-03-31,47.29,54.05,45.37,0.0,2753.0,4.0,56.0,0.0,11.23,5.06,0.0
393,2021-04-01,47.29,54.05,45.37,0.0,2756.0,3.0,56.0,0.0,11.24,5.57,0.0
394,2021-04-02,47.29,54.05,45.37,0.0,2759.0,3.0,56.0,0.0,11.24,6.08,0.0
395,2021-04-03,47.29,54.05,45.37,0.0,2766.0,7.0,56.0,0.0,11.24,6.08,0.0
396,2021-04-04,47.29,54.05,45.37,0.0,2774.0,8.0,56.0,0.0,11.24,6.08,0.0
397,2021-04-05,47.29,54.05,45.37,0.0,2779.0,5.0,56.0,0.0,11.24,6.08,0.0
398,2021-04-06,48.54,55.48,45.37,0.0,2784.0,5.0,56.0,0.0,11.25,6.62,0.0
399,2021-04-07,48.54,55.48,45.37,0.0,2788.0,4.0,56.0,0.0,11.25,7.13,0.0
400,2021-04-08,48.54,55.48,45.37,0.0,2803.0,15.0,56.0,0.0,11.26,7.76,0.0
401,2021-04-09,48.54,55.48,45.37,0.0,2819.0,16.0,56.0,0.0,11.87,7.76,0.0
402,2021-04-10,48.54,55.48,45.37,0.0,2829.0,10.0,56.0,0.0,11.89,7.77,0.0
403,2021-04-11,48.54,55.48,45.37,0.0,2835.0,6.0,56.0,0.0,11.89,7.77,0.0
404,2021-04-12,48.54,55.48,45.37,0.0,2842.0,7.0,56.0,0.0,12.57,7.79,0.0
405,2021-04-13,48.54,55.48,45.37,0.0,2851.0,9.0,56.0,0.0,13.24,7.84,0.0
406,2021-04-14,48.54,55.48,45.37,0.0,2860.0,9.0,56.0,0.0,13.98,7.92,0.0
407,2021-04-15,48.54,55.48,45.37,0.0,2872.0,12.0,56.0,0.0,14.72,7.97,0.0
408,2021-04-16,48.54,55.48,45.37,0.0,2886.0,14.0,56.0,0.0,15.46,7.98,0.0
409,2021-04-17,48.54,55.48,45.37,0.0,2897.0,11.0,56.0,0.0,15.46,7.99,0.0
410,2021-04-18,48.54,55.48,45.37,0.0,2907.0,10.0,56.0,0.0,15.46,7.99,0.0
411,2021-04-19,48.54,55.48,45.37,0.0,2914.0,7.0,56.0,0.0,16.88,8.01,0.0
412,2021-04-20,48.54,55.48,45.37,0.0,2925.0,11.0,56.0,0.0,18.27,8.02,0.0
413,2021-04-21,54.79,62.62,56.48,0.0,2936.0,11.0,56.0,0.0,18.94,8.63,0.0
414,2021-04-22,54.79,62.62,56.48,0.0,2940.0,4.0,56.0,0.0,19.63,9.27,0.0
415,2021-04-23,54.79,62.62,56.48,0.0,2947.0,7.0,56.0,0.0,20.32,9.88,0.0
416,2021-04-24,54.79,62.62,56.48,0.0,2962.0,15.0,56.0,0.0,20.32,9.88,0.0
417,2021-04-25,54.79,62.62,56.48,0.0,2971.0,9.0,56.0,0.0,20.32,9.88,0.0
418,2021-04-26,54.79,62.62,56.48,0.0,2976.0,5.0,56.0,0.0,20.33,10.49,0.0
419,2021-04-27,54.79,62.62,56.48,0.0,2992.0,16.0,56.0,0.0,20.38,11.09,0.0
420,2021-04-28,54.79,62.62,56.48,0.0,3004.0,12.0,56.0,0.0,21.09,11.09,0.0
421,2021-04-29,54.79,62.62,56.48,0.0,3011.0,7.0,56.0,0.0,21.78,11.12,0.0
422,2021-04-30,54.79,62.62,56.48,0.0,3021.0,10.0,56.0,0.0,23.07,11.14,0.0
423,2021-05-01,45.94,52.5,44.44,0.0,3028.0,7.0,56.0,0.0,23.07,11.14,0.0
424,2021-05-02,45.94,52.5,44.44,0.0,3033.0,5.0,56.0,0.0,23.07,11.14,0.0
425,2021-05-03,45.94,52.5,44.44,0.0,3034.0,1.0,57.0,1.0,23.79,11.15,0.0
426,2021-05-04,45.94,52.5,44.44,0.0,3041.0,7.0,57.0,0.0,24.49,11.15,0.0
427,2021-05-05,45.94,52.5,44.44,0.0,3046.0,5.0,57.0,0.0,25.2,11.15,0.0
428,2021-05-06,45.94,52.5,44.44,0.0,3050.0,4.0,57.0,0.0,25.92,11.17,0.0
429,2021-05-07,45.94,52.5,44.44,0.0,3054.0,4.0,57.0,0.0,25.93,11.77,0.0
430,2021-05-08,45.94,52.5,44.44,0.0,3057.0,3.0,57.0,0.0,25.94,11.78,0.0
431,2021-05-09,45.94,52.5,44.44,0.0,3060.0,3.0,57.0,0.0,25.94,11.78,0.0
432,2021-05-10,44.38,50.71,44.44,0.0,3064.0,4.0,57.0,0.0,26.7,12.45,0.0
433,2021-05-11,44.38,50.71,44.44,0.0,3068.0,4.0,57.0,0.0,27.44,13.12,0.0
434,2021-05-12,44.38,50.71,44.44,0.0,3069.0,1.0,57.0,0.0,27.46,13.86,0.0
435,2021-05-13,44.38,50.71,44.44,0.0,3070.0,1.0,57.0,0.0,27.47,14.57,0.0
436,2021-05-14,44.38,50.71,44.44,0.0,3071.0,1.0,57.0,0.0,27.49,15.28,0.0
437,2021-05-15,44.38,50.71,44.44,0.0,3074.0,3.0,57.0,0.0,27.5,15.29,0.0
438,2021-05-16,44.38,50.71,44.44,0.0,3077.0,3.0,57.0,0.0,27.5,15.29,0.0
439,2021-05-17,44.38,50.71,44.44,0.0,3080.0,3.0,57.0,0.0,27.54,16.69,0.0
440,2021-05-18,44.38,50.71,44.44,0.0,3082.0,2.0,57.0,0.0,27.56,18.08,0.0
441,2021-05-19,44.38,50.71,44.44,0.0,3082.0,0.0,57.0,0.0,28.28,18.75,0.0
442,2021-05-20,44.38,50.71,44.44,0.0,3083.0,1.0,57.0,0.0,29.02,19.42,0.0
443,2021-05-21,44.38,50.71,44.44,0.0,3086.0,3.0,57.0,0.0,29.78,20.09,0.0
444,2021-05-22,44.38,50.71,44.44,0.0,3088.0,2.0,57.0,0.0,29.78,20.1,0.0
445,2021-05-23,44.38,50.71,44.44,0.0,3089.0,1.0,57.0,0.0,29.78,20.1,0.0
446,2021-05-24,44.38,50.71,44.44,0.0,3091.0,2.0,57.0,0.0,29.78,20.1,0.0
447,2021-05-25,44.38,50.71,44.44,0.0,3091.0,0.0,57.0,0.0,31.21,20.11,0.0
448,2021-05-26,44.38,50.71,44.44,0.0,3093.0,2.0,57.0,0.0,31.94,20.8,0.0
449,2021-05-27,44.38,50.71,44.44,0.0,3096.0,3.0,57.0,0.0,32.71,21.53,0.0
450,2021-05-28,44.38,50.71,44.44,0.0,3098.0,2.0,57.0,0.0,32.74,22.85,0.0
451,2021-05-29,44.38,50.71,44.44,0.0,3099.0,1.0,57.0,0.0,32.74,22.85,0.0
452,2021-05-30,44.38,50.71,44.44,0.0,3101.0,2.0,57.0,0.0,32.74,22.85,0.0
453,2021-05-31,44.38,50.71,44.44,0.0,3103.0,2.0,57.0,0.0,33.44,23.57,0.0
454,2021-06-01,44.38,50.71,44.44,0.0,3103.0,0.0,57.0,0.0,34.18,24.24,0.0
455,2021-06-02,44.38,50.71,44.44,0.0,3107.0,4.0,57.0,0.0,34.93,24.94,0.0
456,2021-06-03,44.38,50.71,44.44,0.0,3109.0,2.0,57.0,0.0,35.66,25.63,0.0
457,2021-06-04,44.38,50.71,44.44,0.0,3111.0,2.0,57.0,0.0,37.09,25.65,0.0
458,2021-06-05,44.38,50.71,44.44,0.0,3112.0,1.0,57.0,0.0,37.09,25.65,0.0
459,2021-06-06,44.38,50.71,44.44,0.0,3113.0,1.0,57.0,0.0,37.09,25.65,0.0
460,2021-06-07,44.38,50.71,44.44,0.0,3113.0,0.0,57.0,0.0,37.82,26.42,0.0
461,2021-06-08,44.38,50.71,44.44,0.0,3113.0,0.0,57.0,0.0,38.56,27.17,0.0
462,2021-06-09,44.38,50.71,44.44,0.0,3114.0,1.0,57.0,0.0,40.02,27.18,0.0
463,2021-06-10,44.38,50.71,44.44,0.0,3114.0,0.0,58.0,1.0,41.46,27.2,0.0
464,2021-06-11,44.38,50.71,44.44,0.0,3117.0,3.0,58.0,0.0,42.85,27.29,0.0
465,2021-06-12,44.38,50.71,44.44,0.0,3118.0,1.0,58.0,0.0,42.85,27.3,0.0
466,2021-06-13,44.38,50.71,44.44,0.0,3118.0,0.0,58.0,0.0,42.85,27.3,0.0
467,2021-06-14,44.38,50.71,44.44,0.0,3118.0,0.0,58.0,0.0,44.28,27.33,0.0
468,2021-06-15,44.38,50.71,44.44,0.0,3118.0,0.0,58.0,0.0,45.71,27.34,0.0
469,2021-06-16,44.38,50.71,44.44,0.0,3119.0,1.0,58.0,0.0,46.44,28.05,0.0
470,2021-06-17,44.38,50.71,44.44,0.0,3119.0,0.0,58.0,0.0,47.18,28.73,0.0
471,2021-06-18,44.38,50.71,44.44,0.0,3119.0,0.0,58.0,0.0,47.91,29.49,0.0
472,2021-06-19,44.38,50.71,44.44,0.0,3121.0,2.0,58.0,0.0,47.91,29.49,0.0
473,2021-06-20,44.38,50.71,44.44,0.0,3121.0,0.0,58.0,0.0,47.91,29.49,0.0
474,2021-06-21,44.38,50.71,44.44,0.0,3121.0,0.0,58.0,0.0,47.91,29.49,0.0
475,2021-06-22,44.38,50.71,44.44,0.0,3121.0,0.0,58.0,0.0,47.92,30.83,0.0
476,2021-06-23,44.38,50.71,44.44,0.0,3123.0,2.0,58.0,0.0,47.96,31.57,0.0
477,2021-06-24,44.38,50.71,44.44,0.0,3125.0,2.0,58.0,0.0,48.5,32.36,0.0
478,2021-06-25,44.38,50.71,44.44,0.0,3125.0,0.0,58.0,0.0,49.17,32.41,0.0
479,2021-06-26,44.38,50.71,44.44,0.0,3125.0,0.0,58.0,0.0,49.17,32.41,0.0
480,2021-06-27,44.38,50.71,44.44,0.0,3125.0,0.0,58.0,0.0,49.17,32.41,0.0
481,2021-06-28,44.38,50.71,44.44,0.0,3127.0,2.0,58.0,0.0,49.25,33.07,0.0
482,2021-06-29,44.38,50.71,44.44,0.0,3128.0,1.0,58.0,0.0,49.3,33.8,0.0
483,2021-06-30,44.38,50.71,44.44,0.0,3131.0,3.0,58.0,0.0,49.98,34.51,0.0
484,2021-07-01,44.38,50.71,44.44,0.0,3133.0,2.0,58.0,0.0,50.7,35.2,0.0
485,2021-07-02,44.38,50.71,44.44,0.0,3135.0,2.0,58.0,0.0,50.84,36.59,0.0
486,2021-07-03,44.38,50.71,44.44,0.0,3138.0,3.0,58.0,0.0,50.84,36.6,0.0
487,2021-07-04,44.38,50.71,44.44,0.0,3138.0,0.0,58.0,0.0,50.84,36.6,0.0
488,2021-07-05,44.38,50.71,44.44,0.0,3138.0,0.0,58.0,0.0,50.88,37.32,0.0
489,2021-07-06,45.62,52.14,44.44,0.0,3141.0,3.0,58.0,0.0,51.52,38.06,0.0
490,2021-07-07,45.62,52.14,44.44,0.0,3145.0,4.0,58.0,0.0,51.66,39.42,0.0
491,2021-07-08,45.62,52.14,44.44,0.0,3147.0,2.0,58.0,0.0,51.81,40.8,0.0
492,2021-07-09,45.62,52.14,44.44,0.0,3147.0,0.0,58.0,0.0,52.02,42.13,0.0
493,2021-07-10,45.62,52.14,44.44,0.0,3149.0,2.0,58.0,0.0,52.02,42.13,0.0
494,2021-07-11,45.62,52.14,44.44,0.0,3151.0,2.0,58.0,0.0,52.02,42.13,0.0
495,2021-07-12,45.62,52.14,44.44,0.0,3151.0,0.0,58.0,0.0,52.17,43.49,0.0
496,2021-07-13,45.62,52.14,44.44,0.0,3154.0,3.0,58.0,0.0,52.29,44.87,0.0
497,2021-07-14,45.62,52.14,44.44,0.0,3155.0,1.0,58.0,0.0,52.36,45.56,0.0
498,2021-07-15,45.62,52.14,44.44,0.0,3156.0,1.0,58.0,0.0,53.05,46.27,0.0
499,2021-07-16,45.62,52.14,44.44,0.0,3161.0,5.0,58.0,0.0,53.08,47.05,0.0
500,2021-07-17,45.62,52.14,44.44,0.0,3161.0,0.0,58.0,0.0,53.08,47.05,0.0
501,2021-07-18,45.62,52.14,44.44,0.0,3162.0,1.0,58.0,0.0,53.08,47.05,0.0
502,2021-07-19,45.62,52.14,44.44,0.0,3166.0,4.0,58.0,0.0,53.08,47.05,0.0
503,2021-07-20,45.62,52.14,44.44,0.0,3168.0,2.0,58.0,0.0,53.1,47.05,0.0
504,2021-07-21,45.62,52.14,44.44,0.0,3171.0,3.0,58.0,0.0,53.1,47.06,0.0
505,2021-07-22,45.62,52.14,44.44,0.0,3172.0,1.0,58.0,0.0,53.16,47.62,0.0
506,2021-07-23,45.62,52.14,44.44,0.0,3175.0,3.0,58.0,0.0,53.18,48.61,0.0
507,2021-07-24,45.62,52.14,44.44,0.0,3176.0,1.0,58.0,0.0,53.18,48.61,0.0
508,2021-07-25,45.62,52.14,44.44,0.0,3177.0,1.0,58.0,0.0,53.18,48.61,0.0
509,2021-07-26,45.62,52.14,44.44,0.0,3181.0,4.0,58.0,0.0,53.18,48.61,0.0
510,2021-07-27,45.62,52.14,44.44,0.0,3183.0,2.0,58.0,0.0,53.18,48.61,0.0
511,2021-07-28,45.62,52.14,44.44,0.0,3185.0,2.0,58.0,0.0,53.18,48.62,0.0
512,2021-07-29,45.62,52.14,44.44,0.0,3187.0,2.0,58.0,0.0,53.19,48.62,0.0
513,2021-07-30,45.62,52.14,44.44,0.0,3187.0,0.0,58.0,0.0,53.2,48.62,0.0
514,2021-07-31,45.62,52.14,44.44,0.0,3187.0,0.0,58.0,0.0,53.21,48.62,0.0
515,2021-08-01,45.62,52.14,44.44,0.0,3190.0,3.0,58.0,0.0,53.21,48.62,0.0
516,2021-08-02,45.62,52.14,44.44,0.0,3192.0,2.0,58.0,0.0,53.21,48.62,0.0
517,2021-08-03,45.62,52.14,44.44,0.0,3194.0,2.0,58.0,0.0,53.21,48.62,0.0
518,2021-08-04,45.62,52.14,44.44,0.0,3195.0,1.0,58.0,0.0,53.21,48.62,0.0
519,2021-08-05,45.62,52.14,44.44,0.0,3197.0,2.0,58.0,0.0,53.21,48.62,0.0
520,2021-08-06,45.62,52.14,44.44,0.0,3203.0,6.0,58.0,0.0,53.21,48.62,0.0
521,2021-08-07,45.62,52.14,44.44,0.0,3203.0,0.0,58.0,0.0,53.21,48.62,0.0
522,2021-08-08,45.62,52.14,44.44,0.0,3205.0,2.0,58.0,0.0,53.21,48.62,0.0
523,2021-08-09,45.62,52.14,44.44,0.0,3210.0,5.0,58.0,0.0,53.26,50.08,0.0
524,2021-08-10,45.62,52.14,44.44,0.0,3222.0,12.0,58.0,0.0,53.71,50.35,0.0
525,2021-08-11,45.62,52.14,44.44,0.0,3232.0,10.0,58.0,0.0,53.76,51.11,0.0
526,2021-08-12,45.62,52.14,44.44,0.0,3244.0,12.0,58.0,0.0,53.77,51.66,0.0
527,2021-08-13,45.62,52.14,44.44,0.0,3252.0,8.0,58.0,0.0,54.57,51.67,0.0
528,2021-08-14,45.62,52.14,44.44,0.0,3262.0,10.0,58.0,0.0,54.57,51.67,0.0
529,2021-08-15,45.62,52.14,44.44,0.0,3268.0,6.0,58.0,0.0,54.57,51.67,0.0
530,2021-08-16,40.94,46.79,36.11,0.0,3282.0,14.0,58.0,0.0,54.62,52.36,0.0
531,2021-08-17,40.94,46.79,36.11,0.0,3294.0,12.0,58.0,0.0,55.19,52.53,0.0
532,2021-08-18,40.94,46.79,36.11,0.0,3308.0,14.0,58.0,0.0,55.72,52.63,0.0
533,2021-08-19,40.94,46.79,36.11,0.0,3318.0,10.0,58.0,0.0,55.72,52.63,0.0
534,2021-08-20,40.94,46.79,36.11,0.0,3330.0,12.0,58.0,0.0,55.73,52.64,0.0
535,2021-08-21,40.94,46.79,36.11,0.0,3335.0,5.0,58.0,0.0,56.68,52.7,0.0
536,2021-08-22,40.94,46.79,36.11,0.0,3341.0,6.0,58.0,0.0,56.68,52.7,0.0
537,2021-08-23,40.94,46.79,36.11,0.0,3345.0,4.0,58.0,0.0,56.98,52.78,0.0
538,2021-08-24,40.94,46.79,36.11,0.0,3360.0,15.0,58.0,0.0,57.69,52.79,0.0
539,2021-08-25,40.94,46.79,36.11,0.0,3364.0,4.0,58.0,0.0,58.01,52.81,0.0
540,2021-08-26,40.94,46.79,36.11,0.0,3370.0,6.0,58.0,0.0,58.32,52.85,0.0
541,2021-08-27,40.94,46.79,36.11,0.0,3372.0,2.0,58.0,0.0,59.06,52.88,0.0
542,2021-08-28,40.94,46.79,36.11,0.0,3376.0,4.0,58.0,0.0,59.06,52.88,0.0
543,2021-08-29,40.94,46.79,36.11,0.0,3379.0,3.0,58.0,0.0,59.06,52.88,0.0
544,2021-08-30,40.94,46.79,36.11,0.0,3385.0,6.0,58.0,0.0,59.06,52.88,0.0
545,2021-08-31,40.94,46.79,36.11,0.0,3391.0,6.0,58.0,0.0,59.06,52.88,0.0
546,2021-09-01,44.27,50.6,36.11,0.0,3403.0,12.0,58.0,0.0,59.06,52.88,0.0
547,2021-09-02,44.27,50.6,36.11,0.0,3414.0,11.0,58.0,0.0,59.07,52.88,0.0
548,2021-09-03,44.27,50.6,36.11,0.0,3426.0,12.0,58.0,0.0,59.08,52.88,0.0
549,2021-09-04,44.27,50.6,36.11,0.0,3434.0,8.0,58.0,0.0,59.09,52.88,0.0
550,2021-09-05,44.27,50.6,36.11,0.0,3443.0,9.0,58.0,0.0,59.09,52.88,0.0
551,2021-09-06,44.27,50.6,36.11,0.0,3455.0,12.0,58.0,0.0,59.09,52.89,0.0
552,2021-09-07,44.27,50.6,36.11,0.0,3464.0,9.0,58.0,0.0,59.12,53.27,0.0
553,2021-09-08,44.27,50.6,36.11,0.0,3477.0,13.0,58.0,0.0,59.12,53.27,0.0
554,2021-09-09,44.27,50.6,36.11,0.0,3483.0,6.0,58.0,0.0,59.13,53.28,0.0
555,2021-09-10,44.27,50.6,36.11,0.0,3486.0,3.0,58.0,0.0,59.17,54.05,0.0
556,2021-09-11,44.27,50.6,36.11,0.0,3493.0,7.0,58.0,0.0,59.17,54.06,0.0
557,2021-09-12,44.27,50.6,36.11,0.0,3496.0,3.0,58.0,0.0,59.17,54.06,0.0
558,2021-09-13,44.27,50.6,36.11,0.0,3497.0,1.0,58.0,0.0,60.79,54.07,0.0
559,2021-09-14,44.27,50.6,36.11,0.0,3503.0,6.0,58.0,0.0,60.97,54.72,0.0
560,2021-09-15,44.27,50.6,36.11,0.0,3507.0,4.0,58.0,0.0,61.03,55.23,0.0
561,2021-09-16,44.27,50.6,36.11,0.0,3513.0,6.0,58.0,0.0,61.06,55.23,0.0
562,2021-09-17,44.27,50.6,36.11,0.0,3515.0,2.0,58.0,0.0,61.55,55.28,0.0
563,2021-09-18,44.27,50.6,36.11,0.0,3521.0,6.0,58.0,0.0,61.55,56.25,0.0
564,2021-09-19,44.27,50.6,36.11,0.0,3528.0,7.0,58.0,0.0,61.55,56.25,0.0
565,2021-09-20,44.27,50.6,36.11,0.0,3529.0,1.0,58.0,0.0,62.14,56.6,0.0
566,2021-09-21,44.27,50.6,36.11,0.0,3537.0,8.0,58.0,0.0,62.31,57.37,0.0
567,2021-09-22,44.27,50.6,36.11,0.0,3544.0,7.0,58.0,0.0,62.37,57.67,0.0
568,2021-09-23,44.27,50.6,36.11,0.0,3546.0,2.0,58.0,0.0,62.41,58.03,0.0
569,2021-09-24,44.27,50.6,36.11,0.0,3547.0,1.0,58.0,0.0,62.52,58.8,0.0
570,2021-09-25,44.27,50.6,36.11,0.0,3549.0,2.0,58.0,0.0,62.52,58.8,0.0
571,2021-09-26,44.27,50.6,36.11,0.0,3553.0,4.0,58.0,0.0,62.52,58.8,0.0
572,2021-09-27,44.27,50.6,36.11,0.0,3554.0,1.0,58.0,0.0,62.57,58.83,0.0
573,2021-09-28,44.27,50.6,36.11,0.0,3556.0,2.0,58.0,0.0,62.8,58.85,0.0
574,2021-09-29,44.27,50.6,36.11,0.0,3556.0,0.0,58.0,0.0,62.87,58.85,0.0
575,2021-09-30,44.27,50.6,36.11,0.0,3557.0,1.0,58.0,0.0,62.9,58.88,0.0
576,2021-10-01,44.27,50.6,36.11,0.0,3558.0,1.0,58.0,0.0,62.98,58.91,0.0
577,2021-10-02,44.27,50.6,36.11,0.0,3558.0,0.0,58.0,0.0,62.98,58.92,0.0
578,2021-10-03,44.27,50.6,36.11,0.0,3559.0,1.0,58.0,0.0,62.98,58.92,0.0
579,2021-10-04,44.27,50.6,36.11,0.0,3560.0,1.0,58.0,0.0,63.03,58.93,0.0
580,2021-10-05,44.27,50.6,36.11,0.0,3562.0,2.0,58.0,0.0,63.03,58.94,0.0
581,2021-10-06,44.27,50.6,36.11,0.0,3562.0,0.0,58.0,0.0,63.08,58.95,0.0
582,2021-10-07,44.27,50.6,36.11,0.0,3566.0,4.0,58.0,0.0,63.39,58.96,0.0
583,2021-10-08,44.27,50.6,36.11,0.0,3567.0,1.0,58.0,0.0,63.44,59.0,0.0
584,2021-10-09,44.27,50.6,36.11,0.0,3567.0,0.0,58.0,0.0,63.44,59.0,0.0
585,2021-10-10,44.27,50.6,36.11,0.0,3567.0,0.0,58.0,0.0,63.44,59.0,0.0
586,2021-10-11,44.27,50.6,36.11,0.0,3567.0,0.0,58.0,0.0,63.44,59.01,0.0
587,2021-10-12,44.27,50.6,36.11,0.0,3572.0,5.0,60.0,2.0,63.5,59.14,0.0
588,2021-10-13,44.27,50.6,36.11,0.0,3576.0,4.0,60.0,0.0,63.5,59.2,0.0
589,2021-10-14,44.27,50.6,36.11,0.0,3580.0,4.0,60.0,0.0,63.53,59.26,0.0
590,2021-10-15,44.27,50.6,36.11,0.0,3584.0,4.0,60.0,0.0,63.53,59.37,0.0
591,2021-10-16,44.27,50.6,36.11,0.0,3584.0,0.0,60.0,0.0,63.54,59.38,0.0
592,2021-10-17,44.27,50.6,36.11,0.0,3584.0,0.0,60.0,0.0,63.54,59.38,0.0
593,2021-10-18,44.27,50.6,36.11,0.0,3589.0,5.0,60.0,0.0,63.55,60.1,0.0
594,2021-10-19,44.27,50.6,36.11,0.0,3606.0,17.0,60.0,0.0,63.58,61.15,0.0
595,2021-10-20,44.27,50.6,36.11,0.0,3610.0,4.0,60.0,0.0,63.61,61.79,0.0
596,2021-10-21,44.27,50.6,36.11,0.0,3619.0,9.0,60.0,0.0,63.65,61.84,0.0
597,2021-10-22,44.27,50.6,36.11,0.0,3623.0,4.0,60.0,0.0,63.68,61.9,0.0
598,2021-10-23,44.27,50.6,36.11,0.0,3623.0,0.0,60.0,0.0,63.69,61.91,0.0
599,2021-10-24,44.27,50.6,36.11,0.0,3623.0,0.0,60.0,0.0,63.69,61.91,0.0
600,2021-10-25,44.27,50.6,36.11,0.0,3629.0,6.0,60.0,0.0,63.92,62.09,0.0
601,2021-10-26,44.27,50.6,36.11,0.0,3645.0,16.0,61.0,1.0,63.95,62.32,0.0
602,2021-10-27,44.27,50.6,36.11,0.0,3652.0,7.0,61.0,0.0,64.1,62.4,0.0
603,2021-10-28,44.27,50.6,36.11,0.0,3653.0,1.0,61.0,0.0,64.25,62.57,0.0
604,2021-10-29,44.27,50.6,36.11,0.0,3662.0,9.0,61.0,0.0,64.26,62.65,0.0
605,2021-10-30,44.27,50.6,36.11,0.0,3662.0,0.0,61.0,0.0,64.26,62.65,0.0
606,2021-10-31,44.27,50.6,36.11,0.0,3662.0,0.0,61.0,0.0,64.26,62.65,0.0
607,2021-11-01,44.27,50.6,36.11,0.0,3662.0,0.0,61.0,0.0,64.27,62.65,0.0
608,2021-11-02,44.27,50.6,36.11,0.0,3685.0,23.0,61.0,0.0,64.56,62.8,0.0
609,2021-11-03,44.27,50.6,36.11,0.0,3699.0,14.0,61.0,0.0,64.7,62.89,0.0
610,2021-11-04,44.27,50.6,36.11,0.0,3708.0,9.0,61.0,0.0,64.71,63.17,0.0
611,2021-11-05,44.27,50.6,36.11,0.0,3728.0,20.0,61.0,0.0,64.77,63.3,0.0
612,2021-11-06,44.27,50.6,36.11,0.0,3728.0,0.0,61.0,0.0,64.77,63.3,0.0
613,2021-11-07,44.27,50.6,36.11,0.0,3728.0,0.0,61.0,0.0,64.77,63.3,0.0
614,2021-11-08,44.27,50.6,36.11,0.0,3738.0,10.0,61.0,0.0,64.98,63.36,0.0
615,2021-11-09,44.27,50.6,36.11,0.0,3781.0,43.0,61.0,0.0,65.01,63.42,0.0
616,2021-11-10,44.27,50.6,36.11,0.0,3814.0,33.0,61.0,0.0,65.04,63.46,0.0
617,2021-11-11,44.27,50.6,36.11,0.0,3841.0,27.0,61.0,0.0,65.23,63.49,0.0
618,2021-11-12,44.27,50.6,36.11,0.0,3846.0,5.0,61.0,0.0,65.4,63.53,0.01
619,2021-11-13,44.27,50.6,36.11,0.0,3846.0,0.0,61.0,0.0,65.41,63.53,0.01
620,2021-11-14,44.27,50.6,36.11,0.0,3846.0,0.0,61.0,0.0,65.41,63.53,0.01
621,2021-11-15,44.27,50.6,36.11,0.0,3877.0,31.0,61.0,0.0,65.44,63.54,0.01
622,2021-11-16,44.27,50.6,36.11,0.0,3945.0,68.0,61.0,0.0,65.5,63.59,0.04
623,2021-11-17,44.27,50.6,36.11,0.0,4003.0,58.0,61.0,0.0,65.54,63.63,0.05
624,2021-11-18,44.27,50.6,36.11,0.0,4041.0,38.0,61.0,0.0,65.56,63.63,0.27
625,2021-11-19,44.27,50.6,36.11,0.0,4131.0,90.0,61.0,0.0,65.58,63.66,0.63
626,2021-11-20,44.27,50.6,36.11,0.0,4131.0,0.0,61.0,0.0,65.59,63.66,0.63
627,2021-11-21,44.27,50.6,36.11,0.0,4144.0,13.0,61.0,0.0,65.59,63.66,0.63
628,2021-11-22,44.27,50.6,36.11,0.0,4321.0,177.0,61.0,0.0,65.65,63.83,0.91
629,2021-11-23,44.27,50.6,36.11,0.0,4321.0,0.0,61.0,0.0,65.72,63.85,1.18
630,2021-11-24,44.27,50.6,36.11,0.0,4396.0,75.0,61.0,0.0,65.77,64.02,1.7
631,2021-11-25,44.27,50.6,36.11,0.0,4432.0,36.0,61.0,0.0,65.81,64.03,1.81
632,2021-11-26,44.27,50.6,36.11,0.0,4477.0,45.0,61.0,0.0,65.83,64.05,1.85
633,2021-11-27,44.27,50.6,36.11,0.0,4477.0,0.0,61.0,0.0,65.84,64.05,1.92
634,2021-11-28,44.27,50.6,36.11,0.0,4507.0,30.0,61.0,0.0,65.84,64.05,1.92
635,2021-11-29,45.83,52.38,36.11,0.0,4562.0,55.0,61.0,0.0,65.91,64.13,2.85
636,2021-11-30,53.76,61.44,50.21,0.0,4678.0,116.0,61.0,0.0,65.94,64.18,3.04
637,2021-12-01,53.75,61.43,50.19,0.0,4745.0,67.0,61.0,0.0,66.0,64.35,3.93
638,2021-12-02,53.74,61.42,50.18,0.0,4809.0,64.0,62.0,1.0,66.03,64.5,4.32
639,2021-12-03,53.74,61.42,50.18,0.0,4862.0,53.0,62.0,0.0,66.05,64.5,4.46
640,2021-12-04,53.74,61.42,50.18,0.0,4862.0,0.0,62.0,0.0,66.05,64.5,4.46
641,2021-12-05,53.74,61.42,50.18,0.0,4893.0,31.0,62.0,0.0,66.05,64.5,4.46
642,2021-12-06,53.74,61.41,50.16,0.0,4941.0,48.0,62.0,0.0,66.12,64.7,5.17
643,2021-12-07,53.73,61.41,50.16,0.0,5053.0,112.0,64.0,2.0,66.23,64.74,7.09
644,2021-12-08,53.73,61.41,50.16,0.0,5162.0,109.0,64.0,0.0,66.26,64.75,9.14
645,2021-12-09,53.73,61.41,50.16,0.0,5229.0,67.0,65.0,1.0,66.3,64.77,11.21
646,2021-12-10,53.72,61.4,50.14,0.0,5297.0,68.0,67.0,2.0,66.34,64.94,12.7
647,2021-12-11,53.72,61.4,50.14,0.0,5297.0,0.0,67.0,0.0,66.38,64.94,14.21
648,2021-12-12,53.72,61.4,50.14,0.0,5327.0,30.0,67.0,0.0,66.38,64.94,14.84
649,2021-12-13,53.71,61.39,50.13,0.0,5401.0,74.0,67.0,0.0,66.45,65.14,16.22
650,2021-12-14,53.71,61.39,50.12,0.0,5512.0,111.0,68.0,1.0,66.52,65.2,18.59
651,2021-12-15,53.71,61.38,50.12,0.0,5552.0,40.0,68.0,0.0,66.56,65.25,20.65
652,2021-12-16,53.71,61.38,50.11,0.0,5593.0,41.0,68.0,0.0,66.63,65.29,22.66
653,2021-12-17,53.71,61.38,50.11,0.0,5647.0,54.0,68.0,0.0,66.7,65.3,24.94
654,2021-12-18,53.71,61.38,50.11,0.0,5647.0,0.0,68.0,0.0,66.74,65.31,26.42
655,2021-12-19,53.71,61.38,50.11,0.0,5661.0,14.0,68.0,0.0,66.74,65.31,27.05
656,2021-12-20,57.87,66.14,57.51,0.0,5703.0,42.0,68.0,0.0,66.82,65.37,28.69
657,2021-12-21,57.87,66.14,57.51,0.0,5824.0,121.0,68.0,0.0,66.89,65.44,29.85
658,2021-12-22,57.87,66.14,57.5,0.0,5852.0,28.0,68.0,0.0,66.98,65.5,31.01
659,2021-12-23,57.87,66.13,57.5,0.0,5896.0,44.0,69.0,1.0,66.98,65.53,31.05
660,2021-12-24,57.87,66.13,57.5,0.0,5896.0,0.0,69.0,0.0,66.98,65.53,31.06
661,2021-12-25,57.87,66.13,57.5,0.0,5896.0,0.0,69.0,0.0,66.98,65.53,31.06
662,2021-12-26,57.87,66.13,57.5,0.0,5934.0,38.0,69.0,0.0,66.98,65.53,31.06
663,2021-12-27,57.87,66.13,57.5,0.0,5954.0,20.0,69.0,0.0,66.99,65.53,31.07
664,2021-12-28,57.86,66.13,57.5,0.0,6059.0,105.0,69.0,0.0,67.0,65.58,31.17
665,2021-12-29,57.86,66.13,57.5,0.0,6131.0,72.0,69.0,0.0,67.0,65.58,31.18
666,2021-12-30,57.86,66.13,57.5,0.0,6131.0,0.0,69.0,0.0,67.0,65.58,31.18
667,2021-12-31,57.86,66.13,57.5,0.0,6131.0,0.0,69.0,0.0,67.0,65.58,31.18
668,2022-01-01,56.25,64.29,54.63,0.0,6167.0,36.0,69.0,0.0,67.0,65.58,31.18
669,2022-01-02,56.25,64.29,54.63,0.0,6208.0,41.0,69.0,0.0,67.0,65.58,31.18
670,2022-01-03,54.19,61.94,50.98,0.0,6236.0,28.0,71.0,2.0,67.12,65.68,32.4
671,2022-01-04,54.19,61.94,50.97,0.0,6348.0,112.0,71.0,0.0,67.18,65.76,33.64
672,2022-01-05,54.19,61.93,50.97,0.0,6406.0,58.0,71.0,0.0,67.19,65.81,34.91
673,2022-01-06,54.19,61.93,50.97,0.0,6483.0,77.0,71.0,0.0,67.2,65.81,34.92
674,2022-01-07,54.19,61.93,50.97,0.0,6597.0,114.0,71.0,0.0,67.21,65.84,34.97
675,2022-01-08,54.19,61.93,50.97,0.0,6597.0,0.0,71.0,0.0,67.59,65.85,34.97
676,2022-01-09,54.19,61.93,50.97,0.0,6658.0,61.0,71.0,0.0,67.59,65.85,34.97
677,2022-01-10,56.27,57.17,43.56,50.0,6716.0,58.0,71.0,0.0,67.61,65.94,36.17
678,2022-01-11,56.27,57.16,43.56,50.0,6824.0,108.0,71.0,0.0,67.65,66.03,37.39
679,2022-01-12,56.27,57.16,43.55,50.0,6916.0,92.0,71.0,0.0,67.69,66.1,38.2
680,2022-01-13,56.27,57.16,43.55,50.0,7013.0,97.0,72.0,1.0,67.72,66.15,38.97
681,2022-01-14,56.26,57.15,43.54,50.0,7020.0,7.0,72.0,0.0,67.75,66.25,40.13
682,2022-01-15,56.26,57.15,43.54,50.0,7153.0,133.0,72.0,0.0,67.75,66.26,40.13
683,2022-01-16,56.26,57.15,43.54,50.0,7201.0,48.0,72.0,0.0,67.75,66.26,40.13
684,2022-01-17,56.26,57.15,43.54,50.0,7265.0,64.0,73.0,1.0,67.88,66.39,40.99
685,2022-01-18,56.26,57.15,43.53,50.0,7371.0,106.0,73.0,0.0,67.92,66.44,41.53
686,2022-01-19,56.25,57.15,43.53,50.0,7488.0,117.0,73.0,0.0,67.95,66.51,42.03
687,2022-01-20,56.25,57.14,43.53,50.0,7671.0,183.0,73.0,0.0,68.1,66.54,42.49
688,2022-01-21,56.25,57.14,43.52,50.0,7746.0,75.0,73.0,0.0,68.12,66.59,43.36
689,2022-01-22,56.25,57.14,43.52,50.0,7838.0,92.0,73.0,0.0,68.12,66.59,43.36
690,2022-01-23,56.25,57.14,43.52,50.0,7838.0,0.0,73.0,0.0,68.12,66.59,43.36
691,2022-01-24,56.25,57.14,43.52,50.0,8013.0,175.0,73.0,0.0,68.12,66.6,43.39
692,2022-01-25,56.25,57.14,43.52,50.0,8171.0,158.0,73.0,0.0,68.13,66.61,43.47
693,2022-01-26,56.25,57.14,43.52,50.0,8346.0,175.0,73.0,0.0,68.2,66.61,43.87
694,2022-01-27,56.25,57.14,43.52,50.0,8465.0,119.0,73.0,0.0,68.2,66.62,43.89
695,2022-01-28,56.25,57.14,43.52,50.0,8590.0,125.0,73.0,0.0,68.21,66.62,43.93
696,2022-01-29,56.25,57.14,43.52,50.0,8775.0,185.0,73.0,0.0,68.21,66.62,43.93
697,2022-01-30,56.25,57.14,43.52,50.0,8854.0,79.0,73.0,0.0,68.21,66.62,43.93
698,2022-01-31,56.25,57.14,43.52,50.0,8928.0,74.0,73.0,0.0,68.25,66.71,44.58
699,2022-02-01,56.25,57.14,43.51,50.0,9035.0,107.0,73.0,0.0,68.33,66.78,45.12
700,2022-02-02,56.25,57.14,43.51,50.0,9176.0,141.0,73.0,0.0,68.33,66.78,45.12
701,2022-02-03,56.25,57.14,43.51,50.0,9355.0,179.0,74.0,1.0,68.33,66.78,45.12
702,2022-02-04,56.25,57.14,43.51,50.0,9514.0,159.0,74.0,0.0,68.33,66.79,45.14
703,2022-02-05,56.24,57.13,43.5,50.0,9611.0,97.0,74.0,0.0,68.33,67.07,45.14
704,2022-02-06,56.24,57.13,43.5,50.0,9672.0,61.0,74.0,0.0,68.33,67.07,45.14
705,2022-02-07,56.24,57.12,43.5,50.0,9764.0,92.0,74.0,0.0,68.33,67.09,45.38
706,2022-02-08,56.23,57.12,43.49,50.0,9956.0,192.0,74.0,0.0,68.36,67.18,45.63
707,2022-02-09,56.23,57.12,43.49,50.0,10093.0,137.0,74.0,0.0,68.36,67.19,45.66
708,2022-02-10,56.23,57.12,43.49,50.0,10254.0,161.0,74.0,0.0,68.36,67.19,45.66
709,2022-02-11,56.23,57.12,43.49,50.0,10411.0,157.0,74.0,0.0,68.36,67.19,45.66
710,2022-02-12,56.23,57.12,43.49,50.0,10451.0,40.0,74.0,0.0,68.39,67.22,46.12
711,2022-02-13,56.23,57.12,43.49,50.0,10523.0,72.0,74.0,0.0,68.39,67.22,46.12
712,2022-02-14,56.23,57.12,43.49,50.0,10686.0,163.0,74.0,0.0,68.39,67.22,46.15
713,2022-02-15,56.23,57.12,43.49,50.0,10768.0,82.0,75.0,1.0,68.39,67.22,46.16
714,2022-02-16,56.23,57.12,43.49,50.0,10837.0,69.0,75.0,0.0,68.39,67.23,46.19
715,2022-02-17,38.02,36.31,11.11,50.0,10958.0,121.0,75.0,0.0,68.41,67.36,46.38
716,2022-02-18,38.02,36.31,11.11,50.0,11051.0,93.0,75.0,0.0,68.41,67.36,46.38
717,2022-02-19,38.02,36.31,11.11,50.0,11113.0,62.0,75.0,0.0,68.41,67.36,46.38
718,2022-02-20,38.02,36.31,11.11,50.0,11238.0,125.0,75.0,0.0,68.41,67.36,46.38
719,2022-02-21,38.02,36.31,11.11,50.0,11293.0,55.0,75.0,0.0,68.41,67.36,46.38
720,2022-02-22,38.02,36.31,11.11,50.0,11362.0,69.0,76.0,1.0,68.42,67.51,46.54
721,2022-02-23,38.02,36.31,11.11,50.0,11467.0,105.0,76.0,0.0,68.42,67.51,46.54
722,2022-02-24,38.02,36.31,11.11,50.0,11564.0,97.0,77.0,1.0,68.42,67.51,46.54
723,2022-02-25,38.02,36.31,11.11,50.0,11671.0,107.0,78.0,1.0,68.42,67.51,46.54
724,2022-02-26,38.02,36.31,11.11,50.0,11752.0,81.0,78.0,0.0,68.42,67.51,46.54
725,2022-02-27,38.02,36.31,11.11,50.0,11809.0,57.0,78.0,0.0,68.42,67.51,46.55
726,2022-02-28,38.02,36.31,11.11,50.0,12001.0,192.0,78.0,0.0,68.42,67.51,46.55
727,2022-03-01,38.54,36.9,11.11,50.0,12052.0,51.0,78.0,0.0,68.42,67.51,46.55
728,2022-03-02,38.54,36.9,11.11,50.0,12161.0,109.0,78.0,0.0,68.42,67.51,46.55
729,2022-03-03,38.54,36.9,11.11,50.0,12332.0,171.0,78.0,0.0,68.42,67.51,46.55
730,2022-03-04,38.54,36.9,11.11,50.0,12681.0,349.0,78.0,0.0,68.42,67.51,46.55
731,2022-03-05,38.54,36.9,11.11,50.0,12833.0,152.0,78.0,0.0,68.42,67.51,46.55
732,2022-03-06,38.54,36.9,11.11,50.0,12932.0,99.0,78.0,0.0,68.42,67.51,46.55
733,2022-03-07,38.54,36.9,11.11,50.0,13195.0,263.0,78.0,0.0,68.42,67.51,46.56
734,2022-03-08,38.54,36.9,11.11,50.0,13222.0,27.0,79.0,1.0,68.42,67.51,46.56
735,2022-03-09,38.54,36.9,11.11,50.0,13471.0,249.0,79.0,0.0,68.42,67.51,46.56
736,2022-03-10,38.54,36.9,11.11,50.0,13590.0,119.0,79.0,0.0,68.42,67.51,46.56
737,2022-03-11,38.54,36.9,11.11,50.0,13789.0,199.0,79.0,0.0,68.43,67.59,46.72
738,2022-03-12,38.54,36.9,11.11,50.0,14025.0,236.0,79.0,0.0,68.44,67.59,46.72
739,2022-03-13,38.54,36.9,11.11,50.0,14234.0,209.0,79.0,0.0,68.44,67.59,46.72
740,2022-03-14,38.54,36.9,11.11,50.0,14235.0,1.0,79.0,0.0,68.44,67.59,46.72
741,2022-03-15,38.54,36.9,11.11,50.0,14424.0,189.0,79.0,0.0,68.44,67.59,46.72
742,2022-03-16,38.54,36.9,11.11,50.0,14642.0,218.0,81.0,2.0,68.44,67.59,46.72
743,2022-03-17,38.54,36.9,11.11,50.0,14926.0,284.0,81.0,0.0,68.44,67.59,46.72
744,2022-03-18,38.54,36.9,11.11,50.0,15043.0,117.0,81.0,0.0,68.44,67.59,46.72
745,2022-03-19,38.54,36.9,11.11,50.0,15243.0,200.0,81.0,0.0,68.44,67.59,46.72
746,2022-03-20,38.54,36.9,11.11,50.0,15312.0,69.0,81.0,0.0,68.44,67.59,46.72
747,2022-03-21,38.54,36.9,11.11,50.0,15458.0,146.0,83.0,2.0,68.44,67.59,46.72
748,2022-03-22,38.54,36.9,11.11,50.0,15497.0,39.0,83.0,0.0,68.44,67.59,46.72
749,2022-03-23,38.54,36.9,11.11,50.0,15649.0,152.0,83.0,0.0,68.44,67.6,46.72
750,2022-03-24,38.54,36.9,11.11,50.0,15761.0,112.0,83.0,0.0,68.45,67.61,46.94
751,2022-03-25,38.54,36.9,11.11,50.0,15889.0,128.0,83.0,0.0,68.45,67.61,46.94
752,2022-03-26,38.54,36.9,11.11,50.0,16017.0,128.0,83.0,0.0,68.45,67.61,46.94
753,2022-03-27,38.54,36.9,11.11,50.0,16098.0,81.0,83.0,0.0,68.45,67.61,46.94
754,2022-03-28,38.54,36.9,11.11,50.0,16139.0,41.0,83.0,0.0,68.45,67.61,46.94
755,2022-03-29,38.54,36.9,11.11,50.0,16176.0,37.0,84.0,1.0,68.45,67.61,46.94
756,2022-03-30,38.54,36.9,11.11,50.0,16286.0,110.0,84.0,0.0,68.45,67.61,46.94
757,2022-03-31,36.46,34.52,11.11,50.0,16378.0,92.0,84.0,0.0,68.45,67.61,46.94
758,2022-04-01,28.65,25.6,11.11,50.0,16429.0,51.0,84.0,0.0,68.45,67.62,46.94
759,2022-04-02,28.65,25.6,11.11,50.0,16429.0,0.0,84.0,0.0,68.45,67.62,46.94
760,2022-04-03,28.65,25.6,11.11,50.0,16429.0,0.0,84.0,0.0,68.45,67.62,46.94
761,2022-04-04,28.65,25.6,11.11,50.0,16429.0,0.0,84.0,0.0,68.45,67.62,46.94
762,2022-04-05,28.65,25.6,11.11,50.0,16429.0,0.0,84.0,0.0,68.45,67.62,46.94
763,2022-04-06,28.65,25.6,11.11,50.0,16624.0,195.0,84.0,0.0,68.45,67.62,46.94
764,2022-04-07,28.65,25.6,11.11,50.0,16702.0,78.0,84.0,0.0,68.45,67.62,46.94
765,2022-04-08,28.65,25.6,11.11,50.0,16702.0,0.0,84.0,0.0,68.45,67.62,46.94
766,2022-04-09,28.65,25.6,11.11,50.0,16702.0,0.0,84.0,0.0,68.45,67.62,46.94
767,2022-04-10,28.65,25.6,11.11,50.0,16757.0,55.0,84.0,0.0,68.45,67.62,46.94
768,2022-04-11,28.65,25.6,11.11,50.0,16784.0,27.0,84.0,0.0,68.45,67.62,46.94
769,2022-04-12,28.65,25.6,11.11,50.0,16834.0,50.0,84.0,0.0,68.47,67.64,47.11
770,2022-04-13,28.65,25.6,11.11,50.0,16865.0,31.0,84.0,0.0,68.47,67.65,47.11
771,2022-04-14,28.65,25.6,11.11,50.0,16906.0,41.0,84.0,0.0,68.47,67.65,47.11
772,2022-04-15,28.65,25.6,11.11,50.0,16946.0,40.0,84.0,0.0,68.47,67.65,47.11
773,2022-04-16,28.65,25.6,11.11,50.0,16975.0,29.0,84.0,0.0,68.47,67.65,47.11
774,2022-04-17,28.65,25.6,11.11,50.0,16981.0,6.0,84.0,0.0,68.47,67.65,47.11
775,2022-04-18,28.65,25.6,11.11,50.0,17003.0,22.0,84.0,0.0,68.47,67.65,47.11
776,2022-04-19,28.65,25.6,11.11,50.0,17005.0,2.0,84.0,0.0,68.47,67.65,47.11
777,2022-04-20,28.65,25.6,11.11,50.0,17027.0,22.0,84.0,0.0,68.47,67.65,47.11
778,2022-04-21,28.65,25.6,11.11,50.0,17049.0,22.0,84.0,0.0,68.47,67.65,47.12
779,2022-04-22,28.65,25.6,11.11,50.0,17064.0,15.0,84.0,0.0,68.47,67.65,47.12
780,2022-04-23,28.65,25.6,11.11,50.0,17091.0,27.0,84.0,0.0,68.47,67.65,47.12
781,2022-04-24,28.65,25.6,11.11,50.0,17103.0,12.0,85.0,1.0,68.47,67.65,47.12
782,2022-04-25,28.65,25.6,11.11,50.0,17105.0,2.0,85.0,0.0,68.47,67.65,47.12
783,2022-04-26,28.65,25.6,11.11,50.0,17126.0,21.0,85.0,0.0,68.47,67.65,47.25
784,2022-04-27,28.65,25.6,11.11,50.0,17133.0,7.0,84.0,0.0,68.47,67.65,47.25
785,2022-04-28,28.65,25.6,11.11,50.0,17163.0,30.0,84.0,0.0,68.47,67.65,47.25
786,2022-04-29,28.65,25.6,11.11,50.0,17171.0,8.0,84.0,0.0,68.47,67.65,47.25
787,2022-04-30,28.65,25.6,11.11,50.0,17185.0,14.0,84.0,0.0,68.47,67.65,47.25
788,2022-05-01,28.65,25.6,11.11,50.0,17185.0,0.0,84.0,0.0,68.47,67.65,47.25
789,2022-05-02,28.65,25.6,11.11,50.0,17199.0,14.0,84.0,0.0,68.47,67.65,47.25
790,2022-05-03,28.65,25.6,11.11,50.0,17214.0,15.0,84.0,0.0,68.47,67.65,47.25
791,2022-05-04,28.65,25.6,11.11,50.0,17225.0,11.0,84.0,0.0,68.47,67.65,47.25
792,2022-05-05,28.65,25.6,11.11,50.0,17230.0,5.0,84.0,0.0,68.47,67.65,47.25
793,2022-05-06,28.65,25.6,11.11,50.0,17260.0,30.0,84.0,0.0,68.47,67.65,47.25
794,2022-05-07,28.65,25.6,11.11,50.0,17265.0,5.0,84.0,0.0,68.47,67.65,47.25
795,2022-05-08,28.65,25.6,11.11,50.0,17280.0,15.0,84.0,0.0,68.47,67.65,47.25
796,2022-05-09,28.65,25.6,11.11,50.0,17281.0,1.0,84.0,0.0,68.47,67.65,47.25
797,2022-05-10,28.65,25.6,11.11,50.0,17292.0,11.0,84.0,0.0,68.48,67.66,47.39
798,2022-05-11,28.65,25.6,11.11,50.0,17306.0,14.0,84.0,0.0,68.48,67.66,47.39
799,2022-05-12,28.65,25.6,11.11,50.0,17306.0,0.0,84.0,0.0,68.48,67.66,47.39
800,2022-05-13,28.65,25.6,11.11,50.0,17329.0,23.0,84.0,0.0,68.48,67.66,47.39
801,2022-05-14,28.65,25.6,11.11,50.0,17333.0,4.0,84.0,0.0,68.48,67.66,47.39
802,2022-05-15,28.65,25.6,11.11,50.0,17347.0,14.0,84.0,0.0,68.48,67.66,47.39
803,2022-05-16,28.65,25.6,11.11,50.0,17347.0,0.0,84.0,0.0,68.48,67.66,47.39
804,2022-05-17,28.65,25.6,11.11,50.0,17361.0,14.0,84.0,0.0,68.48,67.66,47.39
805,2022-05-18,28.65,25.6,11.11,50.0,17376.0,15.0,84.0,0.0,68.48,67.66,47.39
806,2022-05-19,28.65,25.6,11.11,50.0,17377.0,1.0,84.0,0.0,68.48,67.66,47.39
807,2022-05-20,28.65,25.6,11.11,50.0,17392.0,15.0,84.0,0.0,68.48,67.66,47.39
808,2022-05-21,28.65,25.6,11.11,50.0,17392.0,0.0,84.0,0.0,68.48,67.66,47.39
809,2022-05-22,28.65,25.6,11.11,50.0,17392.0,0.0,84.0,0.0,68.48,67.66,47.39
810,2022-05-23,28.65,25.6,11.11,50.0,17407.0,15.0,84.0,0.0,68.48,67.66,47.39
811,2022-05-24,28.65,25.6,11.11,50.0,17417.0,10.0,84.0,0.0,68.5,67.67,47.51
812,2022-05-25,28.65,25.6,11.11,50.0,17428.0,11.0,84.0,0.0,68.5,67.67,47.51
813,2022-05-26,28.65,25.6,11.11,50.0,17428.0,0.0,84.0,0.0,68.5,67.67,47.51
814,2022-05-27,28.65,25.6,11.11,50.0,17428.0,0.0,84.0,0.0,68.5,67.67,47.51
815,2022-05-28,28.65,25.6,11.11,50.0,17428.0,0.0,84.0,0.0,68.5,67.67,47.51
816,2022-05-29,28.65,25.6,11.11,50.0,17428.0,0.0,84.0,0.0,68.5,67.67,47.51
817,2022-05-30,28.65,25.6,11.11,50.0,17463.0,35.0,84.0,0.0,68.5,67.67,47.51
818,2022-05-31,28.65,25.6,11.11,50.0,17469.0,6.0,84.0,0.0,68.5,67.67,47.51
819,2022-06-01,28.65,25.6,11.11,50.0,17507.0,38.0,84.0,0.0,68.5,67.67,47.51
820,2022-06-02,28.65,25.6,11.11,50.0,17512.0,5.0,84.0,0.0,68.5,67.67,47.51
821,2022-06-03,28.65,25.6,11.11,50.0,17532.0,20.0,84.0,0.0,68.5,67.67,47.51
822,2022-06-04,28.65,25.6,11.11,50.0,17532.0,0.0,84.0,0.0,68.5,67.67,47.51
823,2022-06-05,28.65,25.6,11.11,50.0,17532.0,0.0,84.0,0.0,68.5,67.67,47.51
824,2022-06-06,28.65,25.6,11.11,50.0,17532.0,0.0,84.0,0.0,68.5,67.67,47.51
825,2022-06-07,28.65,25.6,11.11,50.0,17568.0,36.0,84.0,0.0,68.5,67.67,47.51
826,2022-06-08,28.65,25.6,11.11,50.0,17583.0,15.0,84.0,0.0,68.5,67.67,47.51
827,2022-06-09,28.65,25.6,11.11,50.0,17590.0,7.0,85.0,1.0,68.5,67.69,47.61
828,2022-06-10,28.65,25.6,11.11,50.0,17605.0,15.0,85.0,0.0,68.5,67.69,47.61
829,2022-06-11,28.65,25.6,11.11,50.0,17605.0,0.0,85.0,0.0,68.5,67.69,47.61
830,2022-06-12,28.65,25.6,11.11,50.0,17605.0,0.0,85.0,0.0,68.5,67.69,47.61
831,2022-06-13,28.65,25.6,11.11,50.0,17628.0,23.0,85.0,0.0,68.5,67.69,47.61
832,2022-06-14,28.65,25.6,11.11,50.0,17628.0,0.0,85.0,0.0,68.5,67.69,47.61
833,2022-06-15,28.65,25.6,11.11,50.0,17653.0,25.0,85.0,0.0,68.5,67.69,47.61
834,2022-06-16,28.65,25.6,11.11,50.0,17653.0,0.0,85.0,0.0,68.51,67.69,47.61
835,2022-06-17,28.65,25.6,11.11,50.0,17653.0,0.0,85.0,0.0,68.51,67.69,47.61
836,2022-06-18,28.65,25.6,11.11,50.0,17653.0,0.0,85.0,0.0,68.51,67.69,47.61
837,2022-06-19,28.65,25.6,11.11,50.0,17653.0,0.0,85.0,0.0,68.51,67.69,47.61
838,2022-06-20,28.65,25.6,11.11,50.0,17706.0,53.0,85.0,0.0,68.51,67.69,47.61
839,2022-06-21,28.65,25.6,11.11,50.0,17738.0,32.0,85.0,0.0,68.51,67.69,47.61
840,2022-06-22,28.65,25.6,11.11,50.0,17774.0,36.0,85.0,0.0,68.51,67.69,47.61
841,2022-06-23,28.65,25.6,11.11,50.0,17779.0,5.0,85.0,0.0,68.51,67.7,47.72
842,2022-06-24,28.65,25.6,11.11,50.0,17814.0,35.0,85.0,0.0,68.51,67.7,47.72
843,2022-06-25,28.65,25.6,11.11,50.0,17814.0,0.0,85.0,0.0,68.51,67.7,47.72
844,2022-06-26,28.65,25.6,11.11,50.0,17814.0,0.0,85.0,0.0,68.51,67.7,47.72
845,2022-06-27,28.65,25.6,11.11,50.0,17814.0,0.0,85.0,0.0,68.51,67.7,47.72
846,2022-06-28,28.65,25.6,11.11,50.0,17860.0,46.0,85.0,0.0,68.51,67.7,47.72
847,2022-06-29,28.65,25.6,11.11,50.0,17897.0,37.0,85.0,0.0,68.51,67.7,47.72
848,2022-06-30,28.65,25.6,11.11,50.0,17903.0,6.0,85.0,0.0,68.51,67.7,47.72
849,2022-07-01,22.4,25.6,11.11,0.0,17935.0,32.0,85.0,0.0,68.51,67.7,47.72
850,2022-07-02,22.4,25.6,11.11,0.0,17935.0,0.0,85.0,0.0,68.51,67.7,47.72
851,2022-07-03,22.4,25.6,11.11,0.0,17935.0,0.0,85.0,0.0,68.51,67.7,47.72
852,2022-07-04,22.4,25.6,11.11,0.0,17935.0,0.0,85.0,0.0,68.51,67.7,47.72
853,2022-07-05,22.4,25.6,11.11,0.0,18032.0,97.0,85.0,0.0,68.51,67.7,47.72
854,2022-07-06,22.4,25.6,11.11,0.0,18051.0,19.0,85.0,0.0,68.51,67.7,47.73
855,2022-07-07,27.08,25.6,11.11,37.5,18077.0,26.0,85.0,0.0,68.52,67.71,47.83
856,2022-07-08,27.08,25.6,11.11,37.5,18141.0,64.0,85.0,0.0,68.52,67.71,47.83
857,2022-07-09,27.08,25.6,11.11,37.5,18141.0,0.0,85.0,0.0,68.52,67.71,47.84
858,2022-07-10,27.08,25.6,11.11,37.5,18141.0,0.0,85.0,0.0,68.52,67.71,47.84
859,2022-07-11,27.08,25.6,11.11,37.5,18141.0,0.0,85.0,0.0,68.52,67.71,47.84
860,2022-07-12,27.08,25.6,11.11,37.5,18226.0,85.0,85.0,0.0,68.52,67.71,47.84
861,2022-07-13,27.08,25.6,11.11,37.5,18257.0,31.0,85.0,0.0,68.52,67.71,47.84
862,2022-07-14,27.08,25.6,11.11,37.5,18299.0,42.0,85.0,0.0,68.52,67.71,47.84
863,2022-07-15,27.08,25.6,11.11,37.5,18335.0,36.0,85.0,0.0,68.52,67.71,47.85
864,2022-07-16,27.08,25.6,11.11,37.5,18335.0,0.0,85.0,0.0,68.52,67.71,47.85
865,2022-07-17,27.08,25.6,11.11,37.5,18335.0,0.0,85.0,0.0,68.52,67.71,47.85
866,2022-07-18,27.08,25.6,11.11,37.5,18335.0,0.0,85.0,0.0,68.52,67.71,47.85
867,2022-07-19,27.08,25.6,11.11,37.5,18425.0,90.0,85.0,0.0,68.52,67.71,47.85
868,2022-07-20,27.08,25.6,11.11,37.5,18452.0,27.0,85.0,0.0,68.52,67.71,48.17
869,2022-07-21,27.08,25.6,11.11,37.5,18468.0,16.0,85.0,0.0,68.52,67.71,48.37
870,2022-07-22,27.08,25.6,11.11,37.5,18478.0,10.0,85.0,0.0,68.52,67.71,48.52
871,2022-07-23,27.08,25.6,11.11,37.5,18478.0,0.0,85.0,0.0,68.52,67.71,48.52
872,2022-07-24,27.08,25.6,11.11,37.5,18478.0,0.0,85.0,0.0,68.52,67.71,48.52
873,2022-07-25,27.08,25.6,11.11,37.5,18571.0,93.0,86.0,1.0,68.52,67.71,48.52
874,2022-07-26,27.08,25.6,11.11,37.5,18609.0,38.0,86.0,0.0,68.52,67.71,48.73
875,2022-07-27,27.08,25.6,11.11,37.5,18642.0,33.0,86.0,0.0,68.52,67.71,48.81
876,2022-07-28,27.08,25.6,11.11,37.5,18653.0,11.0,86.0,0.0,68.52,67.71,48.95
877,2022-07-29,27.08,25.6,11.11,37.5,18678.0,25.0,86.0,0.0,68.53,67.71,49.03
878,2022-07-30,27.08,25.6,11.11,37.5,18678.0,0.0,86.0,0.0,68.53,67.71,49.03
879,2022-07-31,27.08,25.6,11.11,37.5,18678.0,0.0,86.0,0.0,68.53,67.71,49.03
880,2022-08-01,27.08,25.6,11.11,37.5,18713.0,35.0,86.0,0.0,68.53,67.71,49.03
881,2022-08-02,27.08,25.6,11.11,37.5,18756.0,43.0,86.0,0.0,68.53,67.71,49.03
882,2022-08-03,27.08,25.6,11.11,37.5,18774.0,18.0,86.0,0.0,68.53,67.71,49.03
883,2022-08-04,27.08,25.6,11.11,37.5,18776.0,2.0,86.0,0.0,68.53,67.72,49.19
884,2022-08-05,27.08,25.6,11.11,37.5,18805.0,29.0,86.0,0.0,68.53,67.72,49.19
885,2022-08-06,27.08,25.6,11.11,37.5,18805.0,0.0,86.0,0.0,68.53,67.72,49.19
886,2022-08-07,27.08,25.6,11.11,37.5,18805.0,0.0,86.0,0.0,68.53,67.72,49.19
887,2022-08-08,27.08,25.6,11.11,37.5,18827.0,22.0,86.0,0.0,68.53,67.72,49.19
888,2022-08-09,27.08,25.6,11.11,37.5,18853.0,26.0,86.0,0.0,68.53,67.72,49.19
889,2022-08-10,27.08,25.6,11.11,37.5,18872.0,19.0,86.0,0.0,68.53,67.72,49.23
890,2022-08-11,27.08,25.6,11.11,37.5,18889.0,17.0,86.0,0.0,68.53,67.72,49.23
891,2022-08-12,27.08,25.6,11.11,37.5,18907.0,18.0,86.0,0.0,68.53,67.72,49.24
892,2022-08-13,27.08,25.6,11.11,37.5,18907.0,0.0,86.0,0.0,68.53,67.72,49.24
893,2022-08-14,27.08,25.6,11.11,37.5,18907.0,0.0,86.0,0.0,68.53,67.72,49.24
894,2022-08-15,27.08,25.6,11.11,37.5,18907.0,0.0,86.0,0.0,68.53,67.72,49.24
895,2022-08-16,27.08,25.6,11.11,37.5,18939.0,32.0,86.0,0.0,68.53,67.72,49.24
896,2022-08-17,27.08,25.6,11.11,37.5,18961.0,22.0,86.0,0.0,68.53,67.72,49.24
897,2022-08-18,27.08,25.6,11.11,37.5,18968.0,7.0,86.0,0.0,68.53,67.72,49.24
898,2022-08-19,27.08,25.6,11.11,37.5,18985.0,17.0,86.0,0.0,68.53,67.72,49.25
899,2022-08-20,27.08,25.6,11.11,37.5,18985.0,0.0,86.0,0.0,68.53,67.72,49.25
900,2022-08-21,27.08,0.0,0.0,0.0,18985.0,0.0,86.0,0.0,68.53,67.72,49.25
901,2022-08-22,27.08,0.0,0.0,0.0,19005.0,20.0,86.0,0.0,68.53,67.72,49.25
902,2022-08-23,27.08,0.0,0.0,0.0,19031.0,26.0,86.0,0.0,68.53,67.72,49.25
903,2022-08-24,27.08,0.0,0.0,0.0,19047.0,16.0,86.0,0.0,68.53,67.72,49.25
904,2022-08-25,27.08,0.0,0.0,0.0,19047.0,0.0,86.0,0.0,68.54,67.73,49.32
905,2022-08-26,27.08,0.0,0.0,0.0,19086.0,39.0,86.0,0.0,68.54,67.74,49.32
906,2022-08-27,27.08,0.0,0.0,0.0,19086.0,0.0,86.0,0.0,68.54,67.74,49.32
907,2022-08-28,27.08,0.0,0.0,0.0,19086.0,0.0,86.0,0.0,68.54,67.74,49.32
908,2022-08-29,27.08,0.0,0.0,0.0,19111.0,25.0,86.0,0.0,68.54,67.74,49.32
909,2022-08-30,27.08,0.0,0.0,0.0,19146.0,35.0,86.0,0.0,68.54,67.74,49.32
910,2022-08-31,27.08,0.0,0.0,0.0,19161.0,15.0,86.0,0.0,68.54,67.74,49.32
911,2022-09-01,27.08,0.0,0.0,0.0,19161.0,0.0,86.0,0.0,68.54,67.74,49.32
912,2022-09-02,27.08,0.0,0.0,0.0,19183.0,22.0,86.0,0.0,68.54,67.74,49.33
913,2022-09-03,27.08,0.0,0.0,0.0,19183.0,0.0,86.0,0.0,68.54,67.74,49.33
914,2022-09-04,27.08,0.0,0.0,0.0,19183.0,0.0,86.0,0.0,68.54,67.74,49.33
915,2022-09-05,27.08,0.0,0.0,0.0,19231.0,48.0,86.0,0.0,68.54,67.74,49.33
916,2022-09-06,27.08,0.0,0.0,0.0,19259.0,28.0,86.0,0.0,68.54,67.74,49.33
917,2022-09-07,27.08,0.0,0.0,0.0,19285.0,26.0,86.0,0.0,68.54,67.74,49.33
918,2022-09-08,27.08,0.0,0.0,0.0,19285.0,0.0,86.0,0.0,68.54,67.74,49.33
919,2022-09-09,27.08,0.0,0.0,0.0,19285.0,0.0,86.0,0.0,68.54,67.74,49.33
920,2022-09-10,27.08,0.0,0.0,0.0,19285.0,0.0,86.0,0.0,68.54,67.74,49.33
921,2022-09-11,27.08,0.0,0.0,0.0,19285.0,0.0,86.0,0.0,68.54,67.74,49.33
