date,containment_and_health,stringency,economics_sup,total_cases,new_cases,total_deaths,new_deaths,gov_response,total_vaccinations,people_vaccinated,people_fully_vaccinated,total_boosters
2020-12-22,0.0,0.0,0.0,832.0,25.0,1.0,1.0,0.0,0.0,0.0,0.0,0.0
2020-12-23,0.0,0.0,0.0,877.0,45.0,1.0,0.0,0.0,0.0,0.0,0.0,0.0
2020-12-24,0.0,0.0,0.0,951.0,74.0,1.0,0.0,0.0,0.0,0.0,0.0,0.0
2020-12-25,0.0,0.0,0.0,992.0,41.0,1.0,0.0,0.0,0.0,0.0,0.0,0.0
2020-12-26,0.0,0.0,0.0,992.0,0.0,1.0,0.0,0.0,0.0,0.0,0.0,0.0
2020-12-27,0.0,0.0,0.0,1039.0,47.0,1.0,0.0,0.0,0.0,0.0,0.0,0.0
2020-12-28,0.0,0.0,0.0,1039.0,0.0,1.0,0.0,0.0,0.0,0.0,0.0,0.0
2020-12-29,0.0,0.0,0.0,1220.0,181.0,1.0,0.0,0.0,0.0,0.0,0.0,0.0
2020-12-30,0.0,0.0,0.0,1252.0,32.0,1.0,0.0,0.0,0.0,0.0,0.0,0.0
2020-12-31,0.0,0.0,0.0,1320.0,68.0,3.0,2.0,0.0,0.0,0.0,0.0,0.0
2021-01-01,0.0,0.0,0.0,1320.0,0.0,3.0,0.0,0.0,0.0,0.0,0.0,0.0
2021-01-02,0.0,0.0,0.0,1320.0,0.0,3.0,0.0,0.0,0.0,0.0,0.0,0.0
2021-01-03,0.0,0.0,0.0,1320.0,0.0,3.0,0.0,0.0,0.0,0.0,0.0,0.0
2021-01-04,0.0,0.0,0.0,1363.0,43.0,3.0,0.0,0.0,0.0,0.0,0.0,0.0
2021-01-05,0.0,0.0,0.0,1363.0,0.0,3.0,0.0,0.0,0.0,0.0,0.0,0.0
2021-01-06,0.0,0.0,0.0,1445.0,82.0,3.0,0.0,0.0,0.0,0.0,0.0,0.0
2021-01-07,0.0,0.0,0.0,1445.0,0.0,3.0,0.0,0.0,0.0,0.0,0.0,0.0
2021-01-08,0.0,0.0,0.0,1556.0,111.0,6.0,3.0,0.0,0.0,0.0,0.0,0.0
2021-01-09,0.0,0.0,0.0,1556.0,0.0,6.0,0.0,0.0,0.0,0.0,0.0,0.0
2021-01-10,0.0,0.0,0.0,1556.0,0.0,6.0,0.0,0.0,0.0,0.0,0.0,0.0
2021-01-11,0.0,0.0,0.0,1556.0,0.0,6.0,0.0,0.0,0.0,0.0,0.0,0.0
2021-01-12,0.0,0.0,0.0,1596.0,40.0,6.0,0.0,0.0,0.0,0.0,0.0,0.0
2021-01-13,0.0,0.0,0.0,1596.0,0.0,6.0,0.0,0.0,0.0,0.0,0.0,0.0
2021-01-14,0.0,0.0,0.0,1805.0,209.0,6.0,0.0,0.0,0.0,0.0,0.0,0.0
2021-01-15,0.0,0.0,0.0,1877.0,72.0,6.0,0.0,0.0,0.0,0.0,0.0,0.0
2021-01-16,0.0,0.0,0.0,1877.0,0.0,6.0,0.0,0.0,0.0,0.0,0.0,0.0
2021-01-17,0.0,0.0,0.0,1877.0,0.0,6.0,0.0,0.0,0.0,0.0,0.0,0.0
2021-01-18,0.0,0.0,0.0,1877.0,0.0,6.0,0.0,0.0,0.0,0.0,0.0,0.0
2021-01-19,0.0,0.0,0.0,1877.0,0.0,6.0,0.0,0.0,0.0,0.0,0.0,0.0
2021-01-20,0.0,0.0,0.0,1910.0,33.0,6.0,0.0,0.0,0.0,0.0,0.0,0.0
2021-01-21,0.0,0.0,0.0,1913.0,3.0,6.0,0.0,0.0,0.0,0.0,0.0,0.0
2021-01-22,0.0,0.0,0.0,1940.0,27.0,6.0,0.0,0.0,0.0,0.0,0.0,0.0
2021-01-23,0.0,0.0,0.0,1940.0,0.0,6.0,0.0,0.0,0.0,0.0,0.0,0.0
2021-01-24,0.0,0.0,0.0,1940.0,0.0,6.0,0.0,0.0,0.0,0.0,0.0,0.0
2021-01-25,0.0,0.0,0.0,1950.0,10.0,7.0,1.0,0.0,0.0,0.0,0.0,0.0
2021-01-26,0.0,0.0,0.0,1970.0,20.0,7.0,0.0,0.0,0.0,0.0,0.0,0.0
2021-01-27,0.0,0.0,0.0,2085.0,115.0,7.0,0.0,0.0,0.0,0.0,0.0,0.0
2021-01-28,0.0,0.0,0.0,2085.0,0.0,7.0,0.0,0.0,0.0,0.0,0.0,0.0
2021-01-29,0.0,0.0,0.0,2135.0,50.0,7.0,0.0,0.0,0.0,0.0,0.0,0.0
2021-01-30,0.0,0.0,0.0,2135.0,0.0,7.0,0.0,0.0,0.0,0.0,0.0,0.0
2021-01-31,0.0,0.0,0.0,2135.0,0.0,7.0,0.0,0.0,0.0,0.0,0.0,0.0
2021-02-01,0.0,0.0,0.0,2135.0,0.0,7.0,0.0,0.0,0.0,0.0,0.0,0.0
2021-02-02,0.0,0.0,0.0,2267.0,132.0,7.0,0.0,0.0,0.0,0.0,0.0,0.0
2021-02-03,0.0,0.0,0.0,2309.0,42.0,7.0,0.0,0.0,0.0,0.0,0.0,0.0
2021-02-04,0.0,0.0,0.0,2309.0,0.0,7.0,0.0,0.0,0.0,0.0,0.0,0.0
2021-02-05,0.0,0.0,0.0,2326.0,17.0,7.0,0.0,0.0,0.0,0.0,0.0,0.0
2021-02-06,0.0,0.0,0.0,2326.0,0.0,7.0,0.0,0.0,0.0,0.0,0.0,0.0
2021-02-07,0.0,0.0,0.0,2326.0,0.0,7.0,0.0,0.0,0.0,0.0,0.0,0.0
2021-02-08,0.0,0.0,0.0,2326.0,0.0,7.0,0.0,0.0,0.0,0.0,0.0,0.0
2021-02-09,0.0,0.0,0.0,2401.0,75.0,7.0,0.0,0.0,0.0,0.0,0.0,0.0
2021-02-10,0.0,0.0,0.0,2418.0,17.0,7.0,0.0,0.0,0.0,0.0,0.0,0.0
2021-02-11,0.0,0.0,0.0,2429.0,11.0,7.0,0.0,0.0,0.0,0.0,0.0,0.0
2021-02-12,0.0,0.0,0.0,2429.0,0.0,7.0,0.0,0.0,0.0,0.0,0.0,0.0
2021-02-13,0.0,0.0,0.0,2429.0,0.0,7.0,0.0,0.0,0.0,0.0,0.0,0.0
2021-02-14,0.0,0.0,0.0,2429.0,0.0,7.0,0.0,0.0,0.0,0.0,0.0,0.0
2021-02-15,0.0,0.0,0.0,2566.0,137.0,7.0,0.0,0.0,0.0,0.0,0.0,0.0
2021-02-16,0.0,0.0,0.0,2566.0,0.0,7.0,0.0,0.0,0.0,0.0,0.0,0.0
2021-02-17,0.0,0.0,0.0,2627.0,61.0,7.0,0.0,0.0,0.0,0.0,0.0,0.0
2021-02-18,0.0,0.0,0.0,2675.0,48.0,7.0,0.0,0.0,0.0,0.0,0.0,0.0
2021-02-19,0.0,0.0,0.0,2685.0,10.0,7.0,0.0,0.0,0.0,0.0,0.0,0.0
2021-02-20,0.0,0.0,0.0,2685.0,0.0,7.0,0.0,0.0,0.0,0.0,0.0,0.0
2021-02-21,0.0,0.0,0.0,2685.0,0.0,7.0,0.0,0.0,0.0,0.0,0.0,0.0
2021-02-22,0.0,0.0,0.0,2703.0,18.0,7.0,0.0,0.0,0.0,0.0,0.0,0.0
2021-02-23,0.0,0.0,0.0,2773.0,70.0,7.0,0.0,0.0,0.0,0.0,0.0,0.0
2021-02-24,0.0,0.0,0.0,2789.0,16.0,7.0,0.0,0.0,0.0,0.0,0.0,0.0
2021-02-25,0.0,0.0,0.0,2826.0,37.0,7.0,0.0,0.0,0.0,0.0,0.0,0.0
2021-02-26,0.0,0.0,0.0,2847.0,21.0,7.0,0.0,0.0,0.0,0.0,0.0,0.0
2021-02-27,0.0,0.0,0.0,2847.0,0.0,7.0,0.0,0.0,0.0,0.0,0.0,0.0
2021-02-28,0.0,0.0,0.0,2847.0,0.0,7.0,0.0,0.0,0.0,0.0,0.0,0.0
2021-03-01,0.0,0.0,0.0,2866.0,19.0,7.0,0.0,0.0,0.0,0.0,0.0,0.0
2021-03-02,0.0,0.0,0.0,2884.0,18.0,7.0,0.0,0.0,0.0,0.0,0.0,0.0
2021-03-03,0.0,0.0,0.0,2892.0,8.0,7.0,0.0,0.0,0.0,0.0,0.0,0.0
2021-03-04,0.0,0.0,0.0,2913.0,21.0,7.0,0.0,0.0,0.0,0.0,0.0,0.0
2021-03-05,0.0,0.0,0.0,2922.0,9.0,7.0,0.0,0.0,0.0,0.0,0.0,0.0
2021-03-06,0.0,0.0,0.0,2944.0,22.0,7.0,0.0,0.0,0.0,0.0,0.0,0.0
2021-03-07,0.0,0.0,0.0,2944.0,0.0,7.0,0.0,0.0,0.0,0.0,0.0,0.0
2021-03-08,0.0,0.0,0.0,2944.0,0.0,7.0,0.0,0.0,0.0,0.0,0.0,0.0
2021-03-09,0.0,0.0,0.0,2944.0,0.0,7.0,0.0,0.0,0.0,0.0,0.0,0.0
2021-03-10,0.0,0.0,0.0,2988.0,44.0,7.0,0.0,0.0,0.0,0.0,0.0,0.0
2021-03-11,0.0,0.0,0.0,3009.0,21.0,7.0,0.0,0.0,0.0,0.0,0.0,0.0
2021-03-12,0.0,0.0,0.0,3038.0,29.0,7.0,0.0,0.0,0.0,0.0,0.0,0.0
2021-03-13,0.0,0.0,0.0,3038.0,0.0,7.0,0.0,0.0,0.0,0.0,0.0,0.0
2021-03-14,0.0,0.0,0.0,3038.0,0.0,7.0,0.0,0.0,0.0,0.0,0.0,0.0
2021-03-15,0.0,0.0,0.0,3055.0,17.0,7.0,0.0,0.0,0.0,0.0,0.0,0.0
2021-03-16,0.0,0.0,0.0,3062.0,7.0,7.0,0.0,0.0,0.0,0.0,0.0,0.0
2021-03-17,0.0,0.0,0.0,3078.0,16.0,7.0,0.0,0.0,0.0,0.0,0.0,0.0
2021-03-18,0.0,0.0,0.0,3095.0,17.0,7.0,0.0,0.0,0.0,0.0,0.0,0.0
2021-03-19,0.0,0.0,0.0,3118.0,23.0,7.0,0.0,0.0,0.0,0.0,0.0,0.0
2021-03-20,0.0,0.0,0.0,3118.0,0.0,7.0,0.0,0.0,0.0,0.0,0.0,0.0
2021-03-21,0.0,0.0,0.0,3118.0,0.0,7.0,0.0,0.0,0.0,0.0,0.0,0.0
2021-03-22,0.0,0.0,0.0,3118.0,0.0,7.0,0.0,0.0,0.0,0.0,0.0,0.0
2021-03-23,0.0,0.0,0.0,3118.0,0.0,7.0,0.0,0.0,0.0,0.0,0.0,0.0
2021-03-24,0.0,0.0,0.0,3183.0,65.0,8.0,1.0,0.0,0.0,0.0,0.0,0.0
2021-03-25,0.0,0.0,0.0,3192.0,9.0,9.0,1.0,0.0,0.0,0.0,0.0,0.0
2021-03-26,0.0,0.0,0.0,3208.0,16.0,9.0,0.0,0.0,0.0,0.0,0.0,0.0
2021-03-27,0.0,0.0,0.0,3208.0,0.0,9.0,0.0,0.0,0.0,0.0,0.0,0.0
2021-03-28,0.0,0.0,0.0,3208.0,0.0,9.0,0.0,0.0,0.0,0.0,0.0,0.0
2021-03-29,0.0,0.0,0.0,3251.0,43.0,9.0,0.0,0.0,0.0,0.0,0.0,0.0
2021-03-30,0.0,0.0,0.0,3279.0,28.0,9.0,0.0,0.0,0.0,0.0,0.0,0.0
2021-03-31,0.0,0.0,0.0,3285.0,6.0,10.0,1.0,0.0,0.0,0.0,0.0,0.0
2021-04-01,0.0,0.0,0.0,3308.0,23.0,10.0,0.0,0.0,0.0,0.0,0.0,0.0
2021-04-02,0.0,0.0,0.0,3334.0,26.0,10.0,0.0,0.0,0.0,0.0,0.0,0.0
2021-04-03,0.0,0.0,0.0,3334.0,0.0,10.0,0.0,0.0,0.0,0.0,0.0,0.0
2021-04-04,0.0,0.0,0.0,3334.0,0.0,10.0,0.0,0.0,0.0,0.0,0.0,0.0
2021-04-05,0.0,0.0,0.0,3340.0,6.0,10.0,0.0,0.0,0.0,0.0,0.0,0.0
2021-04-06,0.0,0.0,0.0,3363.0,23.0,10.0,0.0,0.0,0.0,0.0,0.0,0.0
2021-04-07,0.0,0.0,0.0,3374.0,11.0,10.0,0.0,0.0,0.0,0.0,0.0,0.0
2021-04-08,0.0,0.0,0.0,3393.0,19.0,10.0,0.0,0.0,0.0,0.0,0.0,0.0
2021-04-09,0.0,0.0,0.0,3447.0,54.0,10.0,0.0,0.0,0.0,0.0,0.0,0.0
2021-04-10,0.0,0.0,0.0,3447.0,0.0,10.0,0.0,0.0,0.0,0.0,0.0,0.0
2021-04-11,0.0,0.0,0.0,3447.0,0.0,10.0,0.0,0.0,0.0,0.0,0.0,0.0
2021-04-12,0.0,0.0,0.0,3466.0,19.0,10.0,0.0,0.0,0.0,0.0,0.0,0.0
2021-04-13,0.0,0.0,0.0,3469.0,3.0,10.0,0.0,0.0,0.0,0.0,0.0,0.0
2021-04-14,0.0,0.0,0.0,3479.0,10.0,10.0,0.0,0.0,0.0,0.0,0.0,0.0
2021-04-15,0.0,0.0,0.0,3486.0,7.0,10.0,0.0,0.0,0.0,0.0,0.0,0.0
2021-04-16,0.0,0.0,0.0,3491.0,5.0,10.0,0.0,0.0,0.0,0.0,0.0,0.0
2021-04-17,0.0,0.0,0.0,3491.0,0.0,10.0,0.0,0.0,0.0,0.0,0.0,0.0
2021-04-18,0.0,0.0,0.0,3491.0,0.0,10.0,0.0,0.0,0.0,0.0,0.0,0.0
2021-04-19,0.0,0.0,0.0,3537.0,46.0,10.0,0.0,0.0,0.0,0.0,0.0,0.0
2021-04-20,0.0,0.0,0.0,3548.0,11.0,10.0,0.0,0.0,0.0,0.0,0.0,0.0
2021-04-21,0.0,0.0,0.0,3564.0,16.0,10.0,0.0,0.0,0.0,0.0,0.0,0.0
2021-04-22,0.0,0.0,0.0,3597.0,33.0,10.0,0.0,0.0,0.0,0.0,0.0,0.0
2021-04-23,0.0,0.0,0.0,3605.0,8.0,10.0,0.0,0.0,0.0,0.0,0.0,0.0
2021-04-24,0.0,0.0,0.0,3605.0,0.0,10.0,0.0,0.0,0.0,0.0,0.0,0.0
2021-04-25,0.0,0.0,0.0,3605.0,0.0,10.0,0.0,0.0,0.0,0.0,0.0,0.0
2021-04-26,0.0,0.0,0.0,3640.0,35.0,10.0,0.0,0.0,0.0,0.0,0.0,0.0
2021-04-27,0.0,0.0,0.0,3640.0,0.0,10.0,0.0,0.0,0.0,0.0,0.0,0.0
2021-04-28,0.0,0.0,0.0,3659.0,19.0,10.0,0.0,0.0,0.0,0.0,0.0,0.0
2021-04-29,0.0,0.0,0.0,3671.0,12.0,10.0,0.0,0.0,0.0,0.0,0.0,0.0
2021-04-30,0.0,0.0,0.0,3671.0,0.0,10.0,0.0,0.0,0.0,0.0,0.0,0.0
2021-05-01,0.0,0.0,0.0,3671.0,0.0,10.0,0.0,0.0,0.0,0.0,0.0,0.0
2021-05-02,0.0,0.0,0.0,3671.0,0.0,10.0,0.0,0.0,0.0,0.0,0.0,0.0
2021-05-03,0.0,0.0,0.0,3673.0,2.0,12.0,2.0,0.0,0.0,0.0,0.0,0.0
2021-05-04,0.0,0.0,0.0,3681.0,8.0,12.0,0.0,0.0,0.0,0.0,0.0,0.0
2021-05-05,0.0,0.0,0.0,3707.0,26.0,12.0,0.0,0.0,0.0,0.0,0.0,0.0
2021-05-06,0.0,0.0,0.0,3734.0,27.0,12.0,0.0,0.0,0.0,0.0,0.0,0.0
2021-05-07,0.0,0.0,0.0,3742.0,8.0,12.0,0.0,0.0,0.0,0.0,0.0,0.0
2021-05-08,0.0,0.0,0.0,3742.0,0.0,12.0,0.0,0.0,0.0,0.0,0.0,0.0
2021-05-09,0.0,0.0,0.0,3742.0,0.0,12.0,0.0,0.0,0.0,0.0,0.0,0.0
2021-05-10,0.0,0.0,0.0,3754.0,12.0,12.0,0.0,0.0,0.0,0.0,0.0,0.0
2021-05-11,0.0,0.0,0.0,3818.0,64.0,12.0,0.0,0.0,0.0,0.0,0.0,0.0
2021-05-12,0.0,0.0,0.0,3822.0,4.0,12.0,0.0,0.0,0.0,0.0,0.0,0.0
2021-05-13,0.0,0.0,0.0,3822.0,0.0,12.0,0.0,0.0,0.0,0.0,0.0,0.0
2021-05-14,0.0,0.0,0.0,3822.0,0.0,12.0,0.0,0.0,0.0,0.0,0.0,0.0
2021-05-15,0.0,0.0,0.0,3844.0,22.0,12.0,0.0,0.0,0.0,0.0,0.0,0.0
2021-05-16,0.0,0.0,0.0,3844.0,0.0,12.0,0.0,0.0,0.0,0.0,0.0,0.0
2021-05-17,0.0,0.0,0.0,3868.0,24.0,14.0,2.0,0.0,0.0,0.0,0.0,0.0
2021-05-18,0.0,0.0,0.0,3879.0,11.0,14.0,0.0,0.0,0.0,0.0,0.0,0.0
2021-05-19,0.0,0.0,0.0,3887.0,8.0,14.0,0.0,0.0,0.0,0.0,0.0,0.0
2021-05-20,0.0,0.0,0.0,3906.0,19.0,14.0,0.0,0.0,0.0,0.0,0.0,0.0
2021-05-21,0.0,0.0,0.0,3921.0,15.0,14.0,0.0,0.0,0.0,0.0,0.0,0.0
2021-05-22,0.0,0.0,0.0,3932.0,11.0,14.0,0.0,0.0,0.0,0.0,0.0,0.0
2021-05-23,0.0,0.0,0.0,3932.0,0.0,14.0,0.0,0.0,0.0,0.0,0.0,0.0
2021-05-24,0.0,0.0,0.0,3932.0,0.0,14.0,0.0,0.0,0.0,0.0,0.0,0.0
2021-05-25,0.0,0.0,0.0,3948.0,16.0,14.0,0.0,0.0,0.0,0.0,0.0,0.0
2021-05-26,0.0,0.0,0.0,3988.0,40.0,14.0,0.0,0.0,0.0,0.0,0.0,0.0
2021-05-27,0.0,0.0,0.0,4010.0,22.0,14.0,0.0,0.0,0.0,0.0,0.0,0.0
2021-05-28,0.0,0.0,0.0,4022.0,12.0,14.0,0.0,0.0,0.0,0.0,0.0,0.0
2021-05-29,0.0,0.0,0.0,4061.0,39.0,14.0,0.0,0.0,0.0,0.0,0.0,0.0
2021-05-30,0.0,0.0,0.0,4061.0,0.0,14.0,0.0,0.0,0.0,0.0,0.0,0.0
2021-05-31,0.0,0.0,0.0,4094.0,33.0,14.0,0.0,0.0,0.0,0.0,0.0,0.0
2021-06-01,0.0,0.0,0.0,4117.0,23.0,14.0,0.0,0.0,0.0,0.0,0.0,0.0
2021-06-02,0.0,0.0,0.0,4145.0,28.0,14.0,0.0,0.0,0.0,0.0,0.0,0.0
2021-06-03,0.0,0.0,0.0,4145.0,0.0,14.0,0.0,0.0,0.0,0.0,0.0,0.0
2021-06-04,0.0,0.0,0.0,4427.0,282.0,14.0,0.0,0.0,0.0,0.0,0.0,0.0
2021-06-05,0.0,0.0,0.0,4427.0,0.0,14.0,0.0,0.0,0.0,0.0,0.0,0.0
2021-06-06,0.0,0.0,0.0,4427.0,0.0,14.0,0.0,0.0,0.0,0.0,0.0,0.0
2021-06-07,0.0,0.0,0.0,4499.0,72.0,14.0,0.0,0.0,0.0,0.0,0.0,0.0
2021-06-08,0.0,0.0,0.0,4597.0,98.0,14.0,0.0,0.0,0.0,0.0,0.0,0.0
2021-06-09,0.0,0.0,0.0,4690.0,93.0,14.0,0.0,0.0,0.0,0.0,0.0,0.0
2021-06-10,0.0,0.0,0.0,4766.0,76.0,16.0,2.0,0.0,0.0,0.0,0.0,0.0
2021-06-11,0.0,0.0,0.0,4848.0,82.0,16.0,0.0,0.0,0.0,0.0,0.0,0.0
2021-06-12,0.0,0.0,0.0,4848.0,0.0,16.0,0.0,0.0,0.0,0.0,0.0,0.0
2021-06-13,0.0,0.0,0.0,4848.0,0.0,16.0,0.0,0.0,0.0,0.0,0.0,0.0
2021-06-14,0.0,0.0,0.0,4981.0,133.0,16.0,0.0,0.0,0.0,0.0,0.0,0.0
2021-06-15,0.0,0.0,0.0,5012.0,31.0,17.0,1.0,0.0,0.0,0.0,0.0,0.0
2021-06-16,0.0,0.0,0.0,5108.0,96.0,17.0,0.0,0.0,0.0,0.0,0.0,0.0
2021-06-17,0.0,0.0,0.0,5194.0,86.0,19.0,2.0,0.0,0.0,0.0,0.0,0.0
2021-06-18,0.0,0.0,0.0,5285.0,91.0,19.0,0.0,0.0,0.0,0.0,0.0,0.0
2021-06-19,0.0,0.0,0.0,5336.0,51.0,19.0,0.0,0.0,0.0,0.0,0.0,0.0
2021-06-20,0.0,0.0,0.0,5362.0,26.0,19.0,0.0,0.0,0.0,0.0,0.0,0.0
2021-06-21,0.0,0.0,0.0,5421.0,59.0,19.0,0.0,0.0,0.0,0.0,0.0,0.0
2021-06-22,0.0,0.0,0.0,5508.0,87.0,21.0,2.0,0.0,0.0,0.0,0.0,0.0
2021-06-23,0.0,0.0,0.0,5603.0,95.0,21.0,0.0,0.0,0.0,0.0,0.0,0.0
2021-06-24,0.0,0.0,0.0,5664.0,61.0,21.0,0.0,0.0,0.0,0.0,0.0,0.0
2021-06-25,0.0,0.0,0.0,5720.0,56.0,21.0,0.0,0.0,0.0,0.0,0.0,0.0
2021-06-26,0.0,0.0,0.0,5780.0,60.0,21.0,0.0,0.0,0.0,0.0,0.0,0.0
2021-06-27,0.0,0.0,0.0,5780.0,0.0,21.0,0.0,0.0,0.0,0.0,0.0,0.0
2021-06-28,0.0,0.0,0.0,5884.0,104.0,22.0,1.0,0.0,0.0,0.0,0.0,0.0
2021-06-29,0.0,0.0,0.0,5936.0,52.0,23.0,1.0,0.0,0.0,0.0,0.0,0.0
2021-06-30,0.0,0.0,0.0,6009.0,73.0,23.0,0.0,0.0,0.0,0.0,0.0,0.0
2021-07-01,0.0,0.0,0.0,6028.0,19.0,25.0,2.0,0.0,0.0,0.0,0.0,0.0
2021-07-02,0.0,0.0,0.0,6051.0,23.0,25.0,0.0,0.0,0.0,0.0,0.0,0.0
2021-07-03,0.0,0.0,0.0,6074.0,23.0,25.0,0.0,0.0,0.0,0.0,0.0,0.0
2021-07-04,0.0,0.0,0.0,6088.0,14.0,25.0,0.0,0.0,0.0,0.0,0.0,0.0
2021-07-05,0.0,0.0,0.0,6127.0,39.0,25.0,0.0,0.0,0.0,0.0,0.0,0.0
2021-07-06,0.0,0.0,0.0,6188.0,61.0,25.0,0.0,0.0,0.0,0.0,0.0,0.0
2021-07-07,0.0,0.0,0.0,6224.0,36.0,27.0,2.0,0.0,0.0,0.0,0.0,0.0
2021-07-08,0.0,0.0,0.0,6242.0,18.0,28.0,1.0,0.0,0.0,0.0,0.0,0.0
2021-07-09,0.0,0.0,0.0,6259.0,17.0,29.0,1.0,0.0,0.0,0.0,0.0,0.0
2021-07-10,0.0,0.0,0.0,6277.0,18.0,29.0,0.0,0.0,0.0,0.0,0.0,0.0
2021-07-11,0.0,0.0,0.0,6284.0,7.0,29.0,0.0,0.0,0.0,0.0,0.0,0.0
2021-07-12,0.0,0.0,0.0,6284.0,0.0,29.0,0.0,0.0,0.0,0.0,0.0,0.0
2021-07-13,0.0,0.0,0.0,6327.0,43.0,30.0,1.0,0.0,0.0,0.0,0.0,0.0
2021-07-14,0.0,0.0,0.0,6347.0,20.0,30.0,0.0,0.0,0.0,0.0,0.0,0.0
2021-07-15,0.0,0.0,0.0,6382.0,35.0,30.0,0.0,0.0,0.0,0.0,0.0,0.0
2021-07-16,0.0,0.0,0.0,6402.0,20.0,30.0,0.0,0.0,0.0,0.0,0.0,0.0
2021-07-17,0.0,0.0,0.0,6402.0,0.0,30.0,0.0,0.0,0.0,0.0,0.0,0.0
2021-07-18,0.0,0.0,0.0,6402.0,0.0,30.0,0.0,0.0,0.0,0.0,0.0,0.0
2021-07-19,0.0,0.0,0.0,6442.0,40.0,32.0,2.0,0.0,0.0,0.0,0.0,0.0
2021-07-20,0.0,0.0,0.0,6450.0,8.0,32.0,0.0,0.0,0.0,0.0,0.0,0.0
2021-07-21,0.0,0.0,0.0,6473.0,23.0,32.0,0.0,0.0,0.0,0.0,0.0,0.0
2021-07-22,0.0,0.0,0.0,6480.0,7.0,32.0,0.0,0.0,0.0,0.0,0.0,0.0
2021-07-23,0.0,0.0,0.0,6491.0,11.0,33.0,1.0,0.0,0.0,0.0,0.0,0.0
2021-07-24,0.0,0.0,0.0,6495.0,4.0,33.0,0.0,0.0,0.0,0.0,0.0,0.0
2021-07-25,0.0,0.0,0.0,6495.0,0.0,33.0,0.0,0.0,0.0,0.0,0.0,0.0
2021-07-26,0.0,0.0,0.0,6506.0,11.0,33.0,0.0,0.0,0.0,0.0,0.0,0.0
2021-07-27,0.0,0.0,0.0,6517.0,11.0,33.0,0.0,0.0,0.0,0.0,0.0,0.0
2021-07-28,0.0,0.0,0.0,6539.0,22.0,34.0,1.0,0.0,0.0,0.0,0.0,0.0
2021-07-29,0.0,0.0,0.0,6544.0,5.0,34.0,0.0,0.0,0.0,0.0,0.0,0.0
2021-07-30,0.0,0.0,0.0,6545.0,1.0,34.0,0.0,0.0,0.0,0.0,0.0,0.0
2021-07-31,0.0,0.0,0.0,6547.0,2.0,35.0,1.0,0.0,0.0,0.0,0.0,0.0
2021-08-01,0.0,0.0,0.0,6547.0,0.0,35.0,0.0,0.0,0.0,0.0,0.0,0.0
2021-08-02,0.0,0.0,0.0,6559.0,12.0,35.0,0.0,0.0,0.0,0.0,0.0,0.0
2021-08-03,0.0,0.0,0.0,6564.0,5.0,35.0,0.0,0.0,0.0,0.0,0.0,0.0
2021-08-04,0.0,0.0,0.0,6568.0,4.0,35.0,0.0,0.0,0.0,0.0,0.0,0.0
2021-08-05,0.0,0.0,0.0,6573.0,5.0,35.0,0.0,0.0,0.0,0.0,0.0,0.0
2021-08-06,0.0,0.0,0.0,6576.0,3.0,35.0,0.0,0.0,0.0,0.0,0.0,0.0
2021-08-07,0.0,0.0,0.0,6576.0,0.0,35.0,0.0,0.0,0.0,0.0,0.0,0.0
2021-08-08,0.0,0.0,0.0,6576.0,0.0,35.0,0.0,0.0,0.0,0.0,0.0,0.0
2021-08-09,0.0,0.0,0.0,6589.0,13.0,35.0,0.0,0.0,0.0,0.0,0.0,0.0
2021-08-10,0.0,0.0,0.0,6589.0,0.0,36.0,1.0,0.0,0.0,0.0,0.0,0.0
2021-08-11,0.0,0.0,0.0,6593.0,4.0,36.0,0.0,0.0,0.0,0.0,0.0,0.0
2021-08-12,0.0,0.0,0.0,6597.0,4.0,36.0,0.0,0.0,0.0,0.0,0.0,0.0
2021-08-13,0.0,0.0,0.0,6600.0,3.0,36.0,0.0,0.0,0.0,0.0,0.0,0.0
2021-08-14,0.0,0.0,0.0,6601.0,1.0,37.0,1.0,0.0,0.0,0.0,0.0,0.0
2021-08-15,0.0,0.0,0.0,6601.0,0.0,37.0,0.0,0.0,0.0,0.0,0.0,0.0
2021-08-16,0.0,0.0,0.0,6603.0,2.0,37.0,0.0,0.0,0.0,0.0,0.0,0.0
2021-08-17,0.0,0.0,0.0,6609.0,6.0,37.0,0.0,0.0,0.0,0.0,0.0,0.0
2021-08-18,0.0,0.0,0.0,6611.0,2.0,37.0,0.0,0.0,0.0,0.0,0.0,0.0
2021-08-19,0.0,0.0,0.0,6618.0,7.0,37.0,0.0,0.0,0.0,0.0,0.0,0.0
2021-08-20,0.0,0.0,0.0,6618.0,0.0,37.0,0.0,0.0,0.0,0.0,0.0,0.0
2021-08-21,0.0,0.0,0.0,6620.0,2.0,37.0,0.0,0.0,0.0,0.0,0.0,0.0
2021-08-22,0.0,0.0,0.0,6623.0,3.0,37.0,0.0,0.0,0.0,0.0,0.0,0.0
2021-08-23,0.0,0.0,0.0,6624.0,1.0,37.0,0.0,0.0,0.0,0.0,0.0,0.0
2021-08-24,0.0,0.0,0.0,6632.0,8.0,37.0,0.0,0.0,0.0,0.0,0.0,0.0
2021-08-25,0.0,0.0,0.0,6635.0,3.0,37.0,0.0,0.0,0.0,0.0,0.0,0.0
2021-08-26,0.0,0.0,0.0,6636.0,1.0,37.0,0.0,0.0,0.0,0.0,0.0,0.0
2021-08-27,0.0,0.0,0.0,6639.0,3.0,37.0,0.0,0.0,0.0,0.0,0.0,0.0
2021-08-28,0.0,0.0,0.0,6639.0,0.0,37.0,0.0,0.0,0.0,0.0,0.0,0.0
2021-08-29,0.0,0.0,0.0,6640.0,1.0,37.0,0.0,0.0,0.0,0.0,0.0,0.0
2021-08-30,0.0,0.0,0.0,6642.0,2.0,38.0,1.0,0.0,0.0,0.0,0.0,0.0
2021-08-31,0.0,0.0,0.0,6642.0,0.0,38.0,0.0,0.0,0.0,0.0,0.0,0.0
2021-09-01,0.0,0.0,0.0,6642.0,0.0,38.0,0.0,0.0,0.0,0.0,0.0,0.0
2021-09-02,0.0,0.0,0.0,6642.0,0.0,38.0,0.0,0.0,0.0,0.0,0.0,0.0
2021-09-03,0.0,0.0,0.0,6646.0,4.0,38.0,0.0,0.0,0.0,0.0,0.0,0.0
2021-09-04,0.0,0.0,0.0,6647.0,1.0,38.0,0.0,0.0,0.0,0.0,0.0,0.0
2021-09-05,0.0,0.0,0.0,6648.0,1.0,38.0,0.0,0.0,0.0,0.0,0.0,0.0
2021-09-06,0.0,0.0,0.0,6648.0,0.0,38.0,0.0,0.0,0.0,0.0,0.0,0.0
2021-09-07,0.0,0.0,0.0,6651.0,3.0,40.0,2.0,0.0,0.0,0.0,0.0,0.0
2021-09-08,0.0,0.0,0.0,6651.0,0.0,40.0,0.0,0.0,0.0,0.0,0.0,0.0
2021-09-09,0.0,0.0,0.0,6654.0,3.0,40.0,0.0,0.0,0.0,0.0,0.0,0.0
2021-09-10,0.0,0.0,0.0,6655.0,1.0,40.0,0.0,0.0,0.0,0.0,0.0,0.0
2021-09-11,0.0,0.0,0.0,6655.0,0.0,40.0,0.0,0.0,0.0,0.0,0.0,0.0
2021-09-12,0.0,0.0,0.0,6655.0,0.0,40.0,0.0,0.0,0.0,0.0,0.0,0.0
2021-09-13,0.0,0.0,0.0,6657.0,2.0,40.0,0.0,0.0,0.0,0.0,0.0,0.0
2021-09-14,0.0,0.0,0.0,6661.0,4.0,40.0,0.0,0.0,0.0,0.0,0.0,0.0
2021-09-15,0.0,0.0,0.0,6663.0,2.0,40.0,0.0,0.0,0.0,0.0,0.0,0.0
2021-09-16,0.0,0.0,0.0,6667.0,4.0,40.0,0.0,0.0,0.0,0.0,0.0,0.0
2021-09-17,0.0,0.0,0.0,6669.0,2.0,40.0,0.0,0.0,0.0,0.0,0.0,0.0
2021-09-18,0.0,0.0,0.0,6671.0,2.0,40.0,0.0,0.0,0.0,0.0,0.0,0.0
2021-09-19,0.0,0.0,0.0,6671.0,0.0,40.0,0.0,0.0,0.0,0.0,0.0,0.0
2021-09-20,0.0,0.0,0.0,6674.0,3.0,40.0,0.0,0.0,0.0,0.0,0.0,0.0
2021-09-21,0.0,0.0,0.0,6680.0,6.0,41.0,1.0,0.0,0.0,0.0,0.0,0.0
2021-09-22,0.0,0.0,0.0,6680.0,0.0,41.0,0.0,0.0,0.0,0.0,0.0,0.0
2021-09-23,0.0,0.0,0.0,6680.0,0.0,41.0,0.0,0.0,0.0,0.0,0.0,0.0
2021-09-24,0.0,0.0,0.0,6685.0,5.0,42.0,1.0,0.0,0.0,0.0,0.0,0.0
2021-09-25,0.0,0.0,0.0,6694.0,9.0,42.0,0.0,0.0,0.0,0.0,0.0,0.0
2021-09-26,0.0,0.0,0.0,6694.0,0.0,42.0,0.0,0.0,0.0,0.0,0.0,0.0
2021-09-27,0.0,0.0,0.0,6694.0,0.0,42.0,0.0,0.0,0.0,0.0,0.0,0.0
2021-09-28,0.0,0.0,0.0,6697.0,3.0,42.0,0.0,0.0,0.0,0.0,0.0,0.0
2021-09-29,0.0,0.0,0.0,6709.0,12.0,42.0,0.0,0.0,0.0,0.0,0.0,0.0
2021-09-30,0.0,0.0,0.0,6722.0,13.0,42.0,0.0,0.0,0.0,0.0,0.0,0.0
2021-10-01,0.0,0.0,0.0,6722.0,0.0,42.0,0.0,0.0,0.0,0.0,0.0,0.0
2021-10-02,0.0,0.0,0.0,6722.0,0.0,42.0,0.0,0.0,0.0,0.0,0.0,0.0
2021-10-03,0.0,0.0,0.0,6723.0,1.0,42.0,0.0,0.0,0.0,0.0,0.0,0.0
2021-10-04,0.0,0.0,0.0,6723.0,0.0,42.0,0.0,0.0,0.0,0.0,0.0,0.0
2021-10-05,0.0,0.0,0.0,6725.0,2.0,42.0,0.0,0.0,0.0,0.0,0.0,0.0
2021-10-06,0.0,0.0,0.0,6729.0,4.0,42.0,0.0,0.0,0.0,0.0,0.0,0.0
2021-10-07,0.0,0.0,0.0,6734.0,5.0,42.0,0.0,0.0,0.0,0.0,0.0,0.0
2021-10-08,0.0,0.0,0.0,6737.0,3.0,42.0,0.0,0.0,0.0,0.0,0.0,0.0
2021-10-09,0.0,0.0,0.0,6741.0,4.0,42.0,0.0,0.0,0.0,0.0,0.0,0.0
2021-10-10,0.0,0.0,0.0,6741.0,0.0,42.0,0.0,0.0,0.0,0.0,0.0,0.0
2021-10-11,0.0,0.0,0.0,6755.0,14.0,43.0,1.0,0.0,0.0,0.0,0.0,0.0
2021-10-12,0.0,0.0,0.0,6758.0,3.0,43.0,0.0,0.0,0.0,0.0,0.0,0.0
2021-10-13,0.0,0.0,0.0,6764.0,6.0,43.0,0.0,0.0,0.0,0.0,0.0,0.0
2021-10-14,0.0,0.0,0.0,6764.0,0.0,44.0,1.0,0.0,0.0,0.0,0.0,0.0
2021-10-15,0.0,0.0,0.0,6767.0,3.0,44.0,0.0,0.0,0.0,0.0,0.0,0.0
2021-10-16,0.0,0.0,0.0,6773.0,6.0,44.0,0.0,0.0,0.0,0.0,0.0,0.0
2021-10-17,0.0,0.0,0.0,6774.0,1.0,45.0,1.0,0.0,0.0,0.0,0.0,0.0
2021-10-18,0.0,0.0,0.0,6776.0,2.0,45.0,0.0,0.0,0.0,0.0,0.0,0.0
2021-10-19,0.0,0.0,0.0,6778.0,2.0,45.0,0.0,0.0,0.0,0.0,0.0,0.0
2021-10-20,0.0,0.0,0.0,6780.0,2.0,45.0,0.0,0.0,0.0,0.0,0.0,0.0
2021-10-21,0.0,0.0,0.0,6788.0,8.0,45.0,0.0,0.0,0.0,0.0,0.0,0.0
2021-10-22,0.0,0.0,0.0,6788.0,0.0,45.0,0.0,0.0,0.0,0.0,0.0,0.0
2021-10-23,0.0,0.0,0.0,6789.0,1.0,45.0,0.0,0.0,0.0,0.0,0.0,0.0
2021-10-24,0.0,0.0,0.0,6792.0,3.0,45.0,0.0,0.0,0.0,0.0,0.0,0.0
2021-10-25,0.0,0.0,0.0,6795.0,3.0,45.0,0.0,0.0,0.0,0.0,0.0,0.0
2021-10-26,0.0,0.0,0.0,6798.0,3.0,45.0,0.0,0.0,0.0,0.0,0.0,0.0
2021-10-27,0.0,0.0,0.0,6800.0,2.0,45.0,0.0,0.0,0.0,0.0,0.0,0.0
2021-10-28,0.0,0.0,0.0,6806.0,6.0,45.0,0.0,0.0,0.0,0.0,0.0,0.0
2021-10-29,0.0,0.0,0.0,6816.0,10.0,45.0,0.0,0.0,0.0,0.0,0.0,0.0
2021-10-30,0.0,0.0,0.0,6831.0,15.0,45.0,0.0,0.0,0.0,0.0,0.0,0.0
2021-10-31,0.0,0.0,0.0,6834.0,3.0,45.0,0.0,0.0,0.0,0.0,0.0,0.0
2021-11-01,0.0,0.0,0.0,6839.0,5.0,45.0,0.0,0.0,0.0,0.0,0.0,0.0
2021-11-02,0.0,0.0,0.0,6860.0,21.0,45.0,0.0,0.0,0.0,0.0,0.0,0.0
2021-11-03,0.0,0.0,0.0,6881.0,21.0,45.0,0.0,0.0,0.0,0.0,0.0,0.0
2021-11-04,0.0,0.0,0.0,6910.0,29.0,45.0,0.0,0.0,0.0,0.0,0.0,0.0
2021-11-05,0.0,0.0,0.0,6910.0,0.0,45.0,0.0,0.0,0.0,0.0,0.0,0.0
2021-11-06,0.0,0.0,0.0,6943.0,33.0,46.0,1.0,0.0,0.0,0.0,0.0,0.0
2021-11-07,0.0,0.0,0.0,6948.0,5.0,46.0,0.0,0.0,0.0,0.0,0.0,0.0
2021-11-08,0.0,0.0,0.0,6959.0,11.0,47.0,1.0,0.0,0.0,0.0,0.0,0.0
2021-11-09,0.0,0.0,0.0,6979.0,20.0,47.0,0.0,0.0,0.0,0.0,0.0,0.0
2021-11-10,0.0,0.0,0.0,7003.0,24.0,48.0,1.0,0.0,0.0,0.0,0.0,0.0
2021-11-11,0.0,0.0,0.0,7013.0,10.0,48.0,0.0,0.0,0.0,0.0,0.0,0.0
2021-11-12,0.0,0.0,0.0,7039.0,26.0,48.0,0.0,0.0,0.0,0.0,0.0,0.0
2021-11-13,0.0,0.0,0.0,7051.0,12.0,48.0,0.0,0.0,0.0,0.0,0.0,0.0
2021-11-14,0.0,0.0,0.0,7055.0,4.0,51.0,3.0,0.0,0.0,0.0,0.0,0.0
2021-11-15,0.0,0.0,0.0,7063.0,8.0,51.0,0.0,0.0,0.0,0.0,0.0,0.0
2021-11-16,0.0,0.0,0.0,7076.0,13.0,52.0,1.0,0.0,0.0,0.0,0.0,0.0
2021-11-17,0.0,0.0,0.0,7091.0,15.0,52.0,0.0,0.0,0.0,0.0,0.0,0.0
2021-11-18,0.0,0.0,0.0,7112.0,21.0,53.0,1.0,0.0,0.0,0.0,0.0,0.0
2021-11-19,0.0,0.0,0.0,7133.0,21.0,53.0,0.0,0.0,0.0,0.0,0.0,0.0
2021-11-20,0.0,0.0,0.0,7156.0,23.0,54.0,1.0,0.0,0.0,0.0,0.0,0.0
2021-11-21,0.0,0.0,0.0,7175.0,19.0,54.0,0.0,0.0,0.0,0.0,0.0,0.0
2021-11-22,0.0,0.0,0.0,7188.0,13.0,55.0,1.0,0.0,0.0,0.0,0.0,0.0
2021-11-23,0.0,0.0,0.0,7223.0,35.0,55.0,0.0,0.0,0.0,0.0,0.0,0.0
2021-11-24,0.0,0.0,0.0,7250.0,27.0,57.0,2.0,0.0,0.0,0.0,0.0,0.0
2021-11-25,0.0,0.0,0.0,7269.0,19.0,58.0,1.0,0.0,0.0,0.0,0.0,0.0
2021-11-26,0.0,0.0,0.0,7285.0,16.0,60.0,2.0,0.0,0.0,0.0,0.0,0.0
2021-11-27,0.0,0.0,0.0,7305.0,20.0,60.0,0.0,0.0,0.0,0.0,0.0,0.0
2021-11-28,0.0,0.0,0.0,7318.0,13.0,60.0,0.0,0.0,0.0,0.0,0.0,0.0
2021-11-29,0.0,0.0,0.0,7341.0,23.0,60.0,0.0,0.0,0.0,0.0,0.0,0.0
2021-11-30,0.0,0.0,0.0,7358.0,17.0,60.0,0.0,0.0,0.0,0.0,0.0,0.0
2021-12-01,0.0,0.0,0.0,7393.0,35.0,60.0,0.0,0.0,0.0,0.0,0.0,0.0
2021-12-02,0.0,0.0,0.0,7412.0,19.0,60.0,0.0,0.0,0.0,0.0,0.0,0.0
2021-12-03,0.0,0.0,0.0,7442.0,30.0,61.0,1.0,0.0,0.0,0.0,0.0,0.0
2021-12-04,0.0,0.0,0.0,7458.0,16.0,61.0,0.0,0.0,0.0,0.0,0.0,0.0
2021-12-05,0.0,0.0,0.0,7458.0,0.0,61.0,0.0,0.0,0.0,0.0,0.0,0.0
2021-12-06,0.0,0.0,0.0,7484.0,26.0,61.0,0.0,0.0,0.0,0.0,0.0,0.0
2021-12-07,0.0,0.0,0.0,7513.0,29.0,62.0,1.0,0.0,0.0,0.0,0.0,0.0
2021-12-08,0.0,0.0,0.0,7533.0,20.0,62.0,0.0,0.0,0.0,0.0,0.0,0.0
2021-12-09,0.0,0.0,0.0,7583.0,50.0,62.0,0.0,0.0,0.0,0.0,0.0,0.0
2021-12-10,0.0,0.0,0.0,7616.0,33.0,63.0,1.0,0.0,0.0,0.0,0.0,0.0
2021-12-11,0.0,0.0,0.0,7629.0,13.0,63.0,0.0,0.0,0.0,0.0,0.0,0.0
2021-12-12,0.0,0.0,0.0,7646.0,17.0,63.0,0.0,0.0,0.0,0.0,0.0,0.0
2021-12-13,0.0,0.0,0.0,7656.0,10.0,63.0,0.0,0.0,0.0,0.0,0.0,0.0
2021-12-14,0.0,0.0,0.0,7675.0,19.0,64.0,1.0,0.0,0.0,0.0,0.0,0.0
2021-12-15,0.0,0.0,0.0,7686.0,11.0,65.0,1.0,0.0,0.0,0.0,0.0,0.0
2021-12-16,0.0,0.0,0.0,7713.0,27.0,65.0,0.0,0.0,0.0,0.0,0.0,0.0
2021-12-17,0.0,0.0,0.0,7731.0,18.0,67.0,2.0,0.0,0.0,0.0,0.0,0.0
2021-12-18,0.0,0.0,0.0,7753.0,22.0,68.0,1.0,0.0,0.0,0.0,0.0,0.0
2021-12-19,0.0,0.0,0.0,7763.0,10.0,70.0,2.0,0.0,0.0,0.0,0.0,0.0
2021-12-20,0.0,0.0,0.0,7779.0,16.0,70.0,0.0,0.0,0.0,0.0,0.0,0.0
2021-12-21,0.0,0.0,0.0,7807.0,28.0,70.0,0.0,0.0,0.0,0.0,0.0,0.0
2021-12-22,0.0,0.0,0.0,7817.0,10.0,70.0,0.0,0.0,0.0,0.0,0.0,0.0
2021-12-23,0.0,0.0,0.0,7829.0,12.0,72.0,2.0,0.0,0.0,0.0,0.0,0.0
2021-12-24,0.0,0.0,0.0,7853.0,24.0,72.0,0.0,0.0,0.0,0.0,0.0,0.0
2021-12-25,0.0,0.0,0.0,7873.0,20.0,72.0,0.0,0.0,0.0,0.0,0.0,0.0
2021-12-26,0.0,0.0,0.0,7886.0,13.0,73.0,1.0,0.0,0.0,0.0,0.0,0.0
2021-12-27,0.0,0.0,0.0,7902.0,16.0,73.0,0.0,0.0,0.0,0.0,0.0,0.0
2021-12-28,0.0,0.0,0.0,7931.0,29.0,73.0,0.0,0.0,0.0,0.0,0.0,0.0
2021-12-29,0.0,0.0,0.0,7948.0,17.0,74.0,1.0,0.0,0.0,0.0,0.0,0.0
2021-12-30,0.0,0.0,0.0,7982.0,34.0,75.0,1.0,0.0,0.0,0.0,0.0,0.0
2021-12-31,0.0,0.0,0.0,8011.0,29.0,76.0,1.0,0.0,0.0,0.0,0.0,0.0
2022-01-01,0.0,0.0,0.0,8026.0,15.0,76.0,0.0,0.0,0.0,0.0,0.0,0.0
2022-01-02,0.0,0.0,0.0,8049.0,23.0,76.0,0.0,0.0,0.0,0.0,0.0,0.0
2022-01-03,0.0,0.0,0.0,8063.0,14.0,76.0,0.0,0.0,0.0,0.0,0.0,0.0
2022-01-04,0.0,0.0,0.0,8128.0,65.0,77.0,1.0,0.0,0.0,0.0,0.0,0.0
2022-01-05,0.0,0.0,0.0,8161.0,33.0,78.0,1.0,0.0,0.0,0.0,0.0,0.0
2022-01-06,0.0,0.0,0.0,8211.0,50.0,79.0,1.0,0.0,0.0,0.0,0.0,0.0
2022-01-07,0.0,0.0,0.0,8262.0,51.0,80.0,1.0,0.0,0.0,0.0,0.0,0.0
2022-01-08,0.0,0.0,0.0,8303.0,41.0,82.0,2.0,0.0,0.0,0.0,0.0,0.0
2022-01-09,0.0,0.0,0.0,8335.0,32.0,82.0,0.0,0.0,0.0,0.0,0.0,0.0
2022-01-10,0.0,0.0,0.0,8419.0,84.0,82.0,0.0,0.0,0.0,0.0,0.0,0.0
2022-01-11,0.0,0.0,0.0,8559.0,140.0,84.0,2.0,0.0,0.0,0.0,0.0,0.0
2022-01-12,0.0,0.0,0.0,8653.0,94.0,84.0,0.0,0.0,0.0,0.0,0.0,0.0
2022-01-13,0.0,0.0,0.0,8755.0,102.0,85.0,1.0,0.0,0.0,0.0,0.0,0.0
2022-01-14,0.0,0.0,0.0,8845.0,90.0,85.0,0.0,0.0,0.0,0.0,0.0,0.0
2022-01-15,0.0,0.0,0.0,8876.0,31.0,86.0,1.0,0.0,0.0,0.0,0.0,0.0
2022-01-16,0.0,0.0,0.0,8910.0,34.0,87.0,1.0,0.0,0.0,0.0,0.0,0.0
2022-01-17,0.0,0.0,0.0,9002.0,92.0,88.0,1.0,0.0,0.0,0.0,0.0,0.0
2022-01-18,0.0,0.0,0.0,9085.0,83.0,89.0,1.0,0.0,0.0,0.0,0.0,0.0
2022-01-19,0.0,0.0,0.0,9115.0,30.0,89.0,0.0,0.0,0.0,0.0,0.0,0.0
2022-01-20,0.0,0.0,0.0,9160.0,45.0,89.0,0.0,0.0,0.0,0.0,0.0,0.0
2022-01-21,0.0,0.0,0.0,9192.0,32.0,90.0,1.0,0.0,0.0,0.0,0.0,0.0
2022-01-22,0.0,0.0,0.0,9250.0,58.0,91.0,1.0,0.0,0.0,0.0,0.0,0.0
2022-01-23,0.0,0.0,0.0,9297.0,47.0,93.0,2.0,0.0,0.0,0.0,0.0,0.0
2022-01-24,0.0,0.0,0.0,9332.0,35.0,95.0,2.0,0.0,0.0,0.0,0.0,0.0
2022-01-25,0.0,0.0,0.0,9390.0,58.0,95.0,0.0,0.0,0.0,0.0,0.0,0.0
2022-01-26,0.0,0.0,0.0,9408.0,18.0,96.0,1.0,0.0,0.0,0.0,0.0,0.0
2022-01-27,0.0,0.0,0.0,9436.0,28.0,97.0,1.0,0.0,0.0,0.0,0.0,0.0
2022-01-28,0.0,0.0,0.0,9489.0,53.0,97.0,0.0,0.0,0.0,0.0,0.0,0.0
2022-01-29,0.0,0.0,0.0,9508.0,19.0,97.0,0.0,0.0,0.0,0.0,0.0,0.0
2022-01-30,0.0,0.0,0.0,9525.0,17.0,98.0,1.0,0.0,0.0,0.0,0.0,0.0
2022-01-31,0.0,0.0,0.0,9536.0,11.0,98.0,0.0,0.0,0.0,0.0,0.0,0.0
2022-02-01,0.0,0.0,0.0,9536.0,0.0,98.0,0.0,0.0,0.0,0.0,0.0,0.0
2022-02-02,0.0,0.0,0.0,9580.0,44.0,99.0,1.0,0.0,0.0,0.0,0.0,0.0
2022-02-03,0.0,0.0,0.0,9601.0,21.0,99.0,0.0,0.0,0.0,0.0,0.0,0.0
2022-02-04,0.0,0.0,0.0,9619.0,18.0,100.0,1.0,0.0,0.0,0.0,0.0,0.0
2022-02-05,0.0,0.0,0.0,9631.0,12.0,100.0,0.0,0.0,0.0,0.0,0.0,0.0
2022-02-06,0.0,0.0,0.0,9637.0,6.0,100.0,0.0,0.0,0.0,0.0,0.0,0.0
2022-02-07,0.0,0.0,0.0,9644.0,7.0,101.0,1.0,0.0,0.0,0.0,0.0,0.0
2022-02-08,0.0,0.0,0.0,9651.0,7.0,101.0,0.0,0.0,0.0,0.0,0.0,0.0
2022-02-09,0.0,0.0,0.0,9652.0,1.0,102.0,1.0,0.0,0.0,0.0,0.0,0.0
2022-02-10,0.0,0.0,0.0,9660.0,8.0,102.0,0.0,0.0,0.0,0.0,0.0,0.0
2022-02-11,0.0,0.0,0.0,9662.0,2.0,102.0,0.0,0.0,0.0,0.0,0.0,0.0
2022-02-12,0.0,0.0,0.0,9664.0,2.0,103.0,1.0,0.0,0.0,0.0,0.0,0.0
2022-02-13,0.0,0.0,0.0,9668.0,4.0,103.0,0.0,0.0,0.0,0.0,0.0,0.0
2022-02-14,0.0,0.0,0.0,9675.0,7.0,103.0,0.0,0.0,0.0,0.0,0.0,0.0
2022-02-15,0.0,0.0,0.0,9679.0,4.0,103.0,0.0,0.0,0.0,0.0,0.0,0.0
2022-02-16,0.0,0.0,0.0,9680.0,1.0,103.0,0.0,0.0,0.0,0.0,0.0,0.0
2022-02-17,0.0,0.0,0.0,9681.0,1.0,103.0,0.0,0.0,0.0,0.0,0.0,0.0
2022-02-18,0.0,0.0,0.0,9683.0,2.0,103.0,0.0,0.0,0.0,0.0,0.0,0.0
2022-02-19,0.0,0.0,0.0,9687.0,4.0,103.0,0.0,0.0,0.0,0.0,0.0,0.0
2022-02-20,0.0,0.0,0.0,9687.0,0.0,103.0,0.0,0.0,0.0,0.0,0.0,0.0
2022-02-21,0.0,0.0,0.0,9689.0,2.0,103.0,0.0,0.0,0.0,0.0,0.0,0.0
2022-02-22,0.0,0.0,0.0,9689.0,0.0,103.0,0.0,0.0,0.0,0.0,0.0,0.0
2022-02-23,0.0,0.0,0.0,9694.0,5.0,103.0,0.0,0.0,0.0,0.0,0.0,0.0
2022-02-24,0.0,0.0,0.0,9696.0,2.0,103.0,0.0,0.0,0.0,0.0,0.0,0.0
2022-02-25,0.0,0.0,0.0,9698.0,2.0,103.0,0.0,0.0,0.0,0.0,0.0,0.0
2022-02-26,0.0,0.0,0.0,9700.0,2.0,103.0,0.0,0.0,0.0,0.0,0.0,0.0
2022-02-27,0.0,0.0,0.0,9700.0,0.0,103.0,0.0,0.0,0.0,0.0,0.0,0.0
2022-02-28,0.0,0.0,0.0,9701.0,1.0,103.0,0.0,0.0,0.0,0.0,0.0,0.0
2022-03-01,0.0,0.0,0.0,9704.0,3.0,103.0,0.0,0.0,0.0,0.0,0.0,0.0
2022-03-02,0.0,0.0,0.0,9705.0,1.0,103.0,0.0,0.0,0.0,0.0,0.0,0.0
2022-03-03,0.0,0.0,0.0,9707.0,2.0,103.0,0.0,0.0,0.0,0.0,0.0,0.0
2022-03-04,0.0,0.0,0.0,9708.0,1.0,103.0,0.0,0.0,0.0,0.0,0.0,0.0
2022-03-05,0.0,0.0,0.0,9715.0,7.0,103.0,0.0,0.0,0.0,0.0,0.0,0.0
2022-03-06,0.0,0.0,0.0,9715.0,0.0,103.0,0.0,0.0,0.0,0.0,0.0,0.0
2022-03-07,0.0,0.0,0.0,9716.0,1.0,103.0,0.0,0.0,0.0,0.0,0.0,0.0
2022-03-08,0.0,0.0,0.0,9716.0,0.0,103.0,0.0,0.0,0.0,0.0,0.0,0.0
2022-03-09,0.0,0.0,0.0,9718.0,2.0,103.0,0.0,0.0,0.0,0.0,0.0,0.0
2022-03-10,0.0,0.0,0.0,9719.0,1.0,103.0,0.0,0.0,0.0,0.0,0.0,0.0
2022-03-11,0.0,0.0,0.0,9720.0,1.0,103.0,0.0,0.0,0.0,0.0,0.0,0.0
2022-03-12,0.0,0.0,0.0,9721.0,1.0,103.0,0.0,0.0,0.0,0.0,0.0,0.0
2022-03-13,0.0,0.0,0.0,9721.0,0.0,103.0,0.0,0.0,0.0,0.0,0.0,0.0
2022-03-14,0.0,0.0,0.0,9722.0,1.0,103.0,0.0,0.0,0.0,0.0,0.0,0.0
2022-03-15,0.0,0.0,0.0,9722.0,0.0,103.0,0.0,0.0,0.0,0.0,0.0,0.0
2022-03-16,0.0,0.0,0.0,9722.0,0.0,103.0,0.0,0.0,0.0,0.0,0.0,0.0
2022-03-17,0.0,0.0,0.0,9722.0,0.0,103.0,0.0,0.0,0.0,0.0,0.0,0.0
2022-03-18,0.0,0.0,0.0,9723.0,1.0,103.0,0.0,0.0,0.0,0.0,0.0,0.0
2022-03-19,0.0,0.0,0.0,9723.0,0.0,103.0,0.0,0.0,0.0,0.0,0.0,0.0
2022-03-20,0.0,0.0,0.0,9723.0,0.0,103.0,0.0,0.0,0.0,0.0,0.0,0.0
2022-03-21,0.0,0.0,0.0,9723.0,0.0,103.0,0.0,0.0,0.0,0.0,0.0,0.0
2022-03-22,0.0,0.0,0.0,9723.0,0.0,103.0,0.0,0.0,0.0,0.0,0.0,0.0
2022-03-23,0.0,0.0,0.0,9723.0,0.0,103.0,0.0,0.0,0.0,0.0,0.0,0.0
2022-03-24,0.0,0.0,0.0,9723.0,0.0,103.0,0.0,0.0,0.0,0.0,0.0,0.0
2022-03-25,0.0,0.0,0.0,9724.0,1.0,103.0,0.0,0.0,0.0,0.0,0.0,0.0
2022-03-26,0.0,0.0,0.0,9724.0,0.0,103.0,0.0,0.0,0.0,0.0,0.0,0.0
2022-03-27,0.0,0.0,0.0,9724.0,0.0,103.0,0.0,0.0,0.0,0.0,0.0,0.0
2022-03-28,0.0,0.0,0.0,9724.0,0.0,103.0,0.0,0.0,0.0,0.0,0.0,0.0
2022-03-29,0.0,0.0,0.0,9724.0,0.0,103.0,0.0,0.0,0.0,0.0,0.0,0.0
2022-03-30,0.0,0.0,0.0,9727.0,3.0,103.0,0.0,0.0,0.0,0.0,0.0,0.0
2022-03-31,0.0,0.0,0.0,9728.0,1.0,103.0,0.0,0.0,0.0,0.0,0.0,0.0
2022-04-01,0.0,0.0,0.0,9728.0,0.0,103.0,0.0,0.0,0.0,0.0,0.0,0.0
2022-04-02,0.0,0.0,0.0,9728.0,0.0,103.0,0.0,0.0,0.0,0.0,0.0,0.0
2022-04-03,0.0,0.0,0.0,9728.0,0.0,103.0,0.0,0.0,0.0,0.0,0.0,0.0
2022-04-04,0.0,0.0,0.0,9728.0,0.0,103.0,0.0,0.0,0.0,0.0,0.0,0.0
2022-04-05,0.0,0.0,0.0,9728.0,0.0,103.0,0.0,0.0,0.0,0.0,0.0,0.0
2022-04-06,0.0,0.0,0.0,9728.0,0.0,103.0,0.0,0.0,0.0,0.0,0.0,0.0
2022-04-07,0.0,0.0,0.0,9728.0,0.0,103.0,0.0,0.0,0.0,0.0,0.0,0.0
2022-04-08,0.0,0.0,0.0,9729.0,1.0,103.0,0.0,0.0,0.0,0.0,0.0,0.0
2022-04-09,0.0,0.0,0.0,9729.0,0.0,103.0,0.0,0.0,0.0,0.0,0.0,0.0
2022-04-10,0.0,0.0,0.0,9731.0,2.0,103.0,0.0,0.0,0.0,0.0,0.0,0.0
2022-04-11,0.0,0.0,0.0,9732.0,1.0,103.0,0.0,0.0,0.0,0.0,0.0,0.0
2022-04-12,0.0,0.0,0.0,9732.0,0.0,103.0,0.0,0.0,0.0,0.0,0.0,0.0
2022-04-13,0.0,0.0,0.0,9733.0,1.0,103.0,0.0,0.0,0.0,0.0,0.0,0.0
2022-04-14,0.0,0.0,0.0,9733.0,0.0,103.0,0.0,0.0,0.0,0.0,0.0,0.0
2022-04-15,0.0,0.0,0.0,9733.0,0.0,103.0,0.0,0.0,0.0,0.0,0.0,0.0
2022-04-16,0.0,0.0,0.0,9733.0,0.0,103.0,0.0,0.0,0.0,0.0,0.0,0.0
2022-04-17,0.0,0.0,0.0,9733.0,0.0,103.0,0.0,0.0,0.0,0.0,0.0,0.0
2022-04-18,0.0,0.0,0.0,9733.0,0.0,103.0,0.0,0.0,0.0,0.0,0.0,0.0
2022-04-19,0.0,0.0,0.0,9733.0,0.0,103.0,0.0,0.0,0.0,0.0,0.0,0.0
2022-04-20,0.0,0.0,0.0,9733.0,0.0,103.0,0.0,0.0,0.0,0.0,0.0,0.0
2022-04-21,0.0,0.0,0.0,9733.0,0.0,103.0,0.0,0.0,0.0,0.0,0.0,0.0
2022-04-22,0.0,0.0,0.0,9734.0,1.0,103.0,0.0,0.0,0.0,0.0,0.0,0.0
2022-04-23,0.0,0.0,0.0,9734.0,0.0,103.0,0.0,0.0,0.0,0.0,0.0,0.0
2022-04-24,0.0,0.0,0.0,9734.0,0.0,103.0,0.0,0.0,0.0,0.0,0.0,0.0
2022-04-25,0.0,0.0,0.0,9734.0,0.0,103.0,0.0,0.0,0.0,0.0,0.0,0.0
2022-04-26,0.0,0.0,0.0,9734.0,0.0,103.0,0.0,0.0,0.0,0.0,0.0,0.0
2022-04-27,0.0,0.0,0.0,9734.0,0.0,103.0,0.0,0.0,0.0,0.0,0.0,0.0
2022-04-28,0.0,0.0,0.0,9734.0,0.0,103.0,0.0,0.0,0.0,0.0,0.0,0.0
2022-04-29,0.0,0.0,0.0,9734.0,0.0,103.0,0.0,0.0,0.0,0.0,0.0,0.0
2022-04-30,0.0,0.0,0.0,9734.0,0.0,103.0,0.0,0.0,0.0,0.0,0.0,0.0
2022-05-01,0.0,0.0,0.0,9734.0,0.0,103.0,0.0,0.0,0.0,0.0,0.0,0.0
2022-05-02,0.0,0.0,0.0,9734.0,0.0,103.0,0.0,0.0,0.0,0.0,0.0,0.0
2022-05-03,0.0,0.0,0.0,9734.0,0.0,103.0,0.0,0.0,0.0,0.0,0.0,0.0
2022-05-04,0.0,0.0,0.0,9735.0,1.0,103.0,0.0,0.0,0.0,0.0,0.0,0.0
2022-05-05,0.0,0.0,0.0,9735.0,0.0,103.0,0.0,0.0,0.0,0.0,0.0,0.0
2022-05-06,0.0,0.0,0.0,9737.0,2.0,103.0,0.0,0.0,0.0,0.0,0.0,0.0
2022-05-07,0.0,0.0,0.0,9737.0,0.0,103.0,0.0,0.0,0.0,0.0,0.0,0.0
2022-05-08,0.0,0.0,0.0,9737.0,0.0,103.0,0.0,0.0,0.0,0.0,0.0,0.0
2022-05-09,0.0,0.0,0.0,9738.0,1.0,103.0,0.0,0.0,0.0,0.0,0.0,0.0
2022-05-10,0.0,0.0,0.0,9738.0,0.0,103.0,0.0,0.0,0.0,0.0,0.0,0.0
2022-05-11,0.0,0.0,0.0,9738.0,0.0,103.0,0.0,0.0,0.0,0.0,0.0,0.0
2022-05-12,0.0,0.0,0.0,9740.0,2.0,103.0,0.0,0.0,0.0,0.0,0.0,0.0
2022-05-13,0.0,0.0,0.0,9745.0,5.0,103.0,0.0,0.0,0.0,0.0,0.0,0.0
2022-05-14,0.0,0.0,0.0,9745.0,0.0,103.0,0.0,0.0,0.0,0.0,0.0,0.0
2022-05-15,0.0,0.0,0.0,9745.0,0.0,103.0,0.0,0.0,0.0,0.0,0.0,0.0
2022-05-16,0.0,0.0,0.0,9745.0,0.0,103.0,0.0,0.0,0.0,0.0,0.0,0.0
2022-05-17,0.0,0.0,0.0,9751.0,6.0,103.0,0.0,0.0,0.0,0.0,0.0,0.0
2022-05-18,0.0,0.0,0.0,9751.0,0.0,103.0,0.0,0.0,0.0,0.0,0.0,0.0
2022-05-19,0.0,0.0,0.0,9751.0,0.0,103.0,0.0,0.0,0.0,0.0,0.0,0.0
2022-05-20,0.0,0.0,0.0,9753.0,2.0,103.0,0.0,0.0,0.0,0.0,0.0,0.0
2022-05-21,0.0,0.0,0.0,9754.0,1.0,103.0,0.0,0.0,0.0,0.0,0.0,0.0
2022-05-22,0.0,0.0,0.0,9754.0,0.0,103.0,0.0,0.0,0.0,0.0,0.0,0.0
2022-05-23,0.0,0.0,0.0,9755.0,1.0,103.0,0.0,0.0,0.0,0.0,0.0,0.0
2022-05-24,0.0,0.0,0.0,9755.0,0.0,103.0,0.0,0.0,0.0,0.0,0.0,0.0
2022-05-25,0.0,0.0,0.0,9756.0,1.0,103.0,0.0,0.0,0.0,0.0,0.0,0.0
2022-05-26,0.0,0.0,0.0,9756.0,0.0,103.0,0.0,0.0,0.0,0.0,0.0,0.0
2022-05-27,0.0,0.0,0.0,9757.0,1.0,103.0,0.0,0.0,0.0,0.0,0.0,0.0
2022-05-28,0.0,0.0,0.0,9757.0,0.0,103.0,0.0,0.0,0.0,0.0,0.0,0.0
2022-05-29,0.0,0.0,0.0,9757.0,0.0,103.0,0.0,0.0,0.0,0.0,0.0,0.0
2022-05-30,0.0,0.0,0.0,9759.0,2.0,103.0,0.0,0.0,0.0,0.0,0.0,0.0
2022-05-31,0.0,0.0,0.0,9759.0,0.0,103.0,0.0,0.0,0.0,0.0,0.0,0.0
2022-06-01,0.0,0.0,0.0,9764.0,5.0,103.0,0.0,0.0,0.0,0.0,0.0,0.0
2022-06-02,0.0,0.0,0.0,9765.0,1.0,103.0,0.0,0.0,0.0,0.0,0.0,0.0
2022-06-03,0.0,0.0,0.0,9767.0,2.0,103.0,0.0,0.0,0.0,0.0,0.0,0.0
2022-06-04,0.0,0.0,0.0,9767.0,0.0,103.0,0.0,0.0,0.0,0.0,0.0,0.0
2022-06-05,0.0,0.0,0.0,9767.0,0.0,103.0,0.0,0.0,0.0,0.0,0.0,0.0
2022-06-06,0.0,0.0,0.0,9768.0,1.0,103.0,0.0,0.0,0.0,0.0,0.0,0.0
2022-06-07,0.0,0.0,0.0,9768.0,0.0,103.0,0.0,0.0,0.0,0.0,0.0,0.0
2022-06-08,0.0,0.0,0.0,9768.0,0.0,103.0,0.0,0.0,0.0,0.0,0.0,0.0
2022-06-09,0.0,0.0,0.0,9768.0,0.0,103.0,0.0,0.0,0.0,0.0,0.0,0.0
2022-06-10,0.0,0.0,0.0,9769.0,1.0,103.0,0.0,0.0,0.0,0.0,0.0,0.0
2022-06-11,0.0,0.0,0.0,9769.0,0.0,103.0,0.0,0.0,0.0,0.0,0.0,0.0
2022-06-12,0.0,0.0,0.0,9771.0,2.0,103.0,0.0,0.0,0.0,0.0,0.0,0.0
2022-06-13,0.0,0.0,0.0,9771.0,0.0,103.0,0.0,0.0,0.0,0.0,0.0,0.0
2022-06-14,0.0,0.0,0.0,9773.0,2.0,103.0,0.0,0.0,0.0,0.0,0.0,0.0
2022-06-15,0.0,0.0,0.0,9773.0,0.0,103.0,0.0,0.0,0.0,0.0,0.0,0.0
2022-06-16,0.0,0.0,0.0,9775.0,2.0,103.0,0.0,0.0,0.0,0.0,0.0,0.0
2022-06-17,0.0,0.0,0.0,9775.0,0.0,103.0,0.0,0.0,0.0,0.0,0.0,0.0
2022-06-18,0.0,0.0,0.0,9777.0,2.0,103.0,0.0,0.0,0.0,0.0,0.0,0.0
2022-06-19,0.0,0.0,0.0,9777.0,0.0,103.0,0.0,0.0,0.0,0.0,0.0,0.0
2022-06-20,0.0,0.0,0.0,9777.0,0.0,103.0,0.0,0.0,0.0,0.0,0.0,0.0
2022-06-21,0.0,0.0,0.0,9782.0,5.0,103.0,0.0,0.0,0.0,0.0,0.0,0.0
2022-06-22,0.0,0.0,0.0,9784.0,2.0,103.0,0.0,0.0,0.0,0.0,0.0,0.0
2022-06-23,0.0,0.0,0.0,9785.0,1.0,103.0,0.0,0.0,0.0,0.0,0.0,0.0
2022-06-24,0.0,0.0,0.0,9788.0,3.0,103.0,0.0,0.0,0.0,0.0,0.0,0.0
2022-06-25,0.0,0.0,0.0,9788.0,0.0,103.0,0.0,0.0,0.0,0.0,0.0,0.0
2022-06-26,0.0,0.0,0.0,9788.0,0.0,103.0,0.0,0.0,0.0,0.0,0.0,0.0
2022-06-27,0.0,0.0,0.0,9792.0,4.0,103.0,0.0,0.0,0.0,0.0,0.0,0.0
2022-06-28,0.0,0.0,0.0,9796.0,4.0,103.0,0.0,0.0,0.0,0.0,0.0,0.0
2022-06-29,0.0,0.0,0.0,9796.0,0.0,103.0,0.0,0.0,0.0,0.0,0.0,0.0
2022-06-30,0.0,0.0,0.0,9799.0,3.0,103.0,0.0,0.0,0.0,0.0,0.0,0.0
2022-07-01,0.0,0.0,0.0,9801.0,2.0,103.0,0.0,0.0,0.0,0.0,0.0,0.0
2022-07-02,0.0,0.0,0.0,9801.0,0.0,103.0,0.0,0.0,0.0,0.0,0.0,0.0
2022-07-03,0.0,0.0,0.0,9801.0,0.0,103.0,0.0,0.0,0.0,0.0,0.0,0.0
2022-07-04,0.0,0.0,0.0,9805.0,4.0,103.0,0.0,0.0,0.0,0.0,0.0,0.0
2022-07-05,0.0,0.0,0.0,9810.0,5.0,103.0,0.0,0.0,0.0,0.0,0.0,0.0
2022-07-06,0.0,0.0,0.0,9811.0,1.0,103.0,0.0,0.0,0.0,0.0,0.0,0.0
2022-07-07,0.0,0.0,0.0,9811.0,0.0,103.0,0.0,0.0,0.0,0.0,0.0,0.0
2022-07-08,0.0,0.0,0.0,9811.0,0.0,103.0,0.0,0.0,0.0,0.0,0.0,0.0
2022-07-09,0.0,0.0,0.0,9824.0,13.0,103.0,0.0,0.0,0.0,0.0,0.0,0.0
2022-07-10,0.0,0.0,0.0,9824.0,0.0,103.0,0.0,0.0,0.0,0.0,0.0,0.0
2022-07-11,0.0,0.0,0.0,9827.0,3.0,103.0,0.0,0.0,0.0,0.0,0.0,0.0
2022-07-12,0.0,0.0,0.0,9827.0,0.0,103.0,0.0,0.0,0.0,0.0,0.0,0.0
2022-07-13,0.0,0.0,0.0,9844.0,17.0,103.0,0.0,0.0,0.0,0.0,0.0,0.0
2022-07-14,0.0,0.0,0.0,9852.0,8.0,103.0,0.0,0.0,0.0,0.0,0.0,0.0
2022-07-15,0.0,0.0,0.0,9852.0,0.0,103.0,0.0,0.0,0.0,0.0,0.0,0.0
2022-07-16,0.0,0.0,0.0,9864.0,12.0,103.0,0.0,0.0,0.0,0.0,0.0,0.0
2022-07-17,0.0,0.0,0.0,9878.0,14.0,103.0,0.0,0.0,0.0,0.0,0.0,0.0
2022-07-18,0.0,0.0,0.0,9882.0,4.0,103.0,0.0,0.0,0.0,0.0,0.0,0.0
2022-07-19,0.0,0.0,0.0,9892.0,10.0,103.0,0.0,0.0,0.0,0.0,0.0,0.0
2022-07-20,0.0,0.0,0.0,9898.0,6.0,103.0,0.0,0.0,0.0,0.0,0.0,0.0
2022-07-21,0.0,0.0,0.0,9907.0,9.0,103.0,0.0,0.0,0.0,0.0,0.0,0.0
2022-07-22,0.0,0.0,0.0,9916.0,9.0,103.0,0.0,0.0,0.0,0.0,0.0,0.0
2022-07-23,0.0,0.0,0.0,9928.0,12.0,103.0,0.0,0.0,0.0,0.0,0.0,0.0
2022-07-24,0.0,0.0,0.0,9928.0,0.0,103.0,0.0,0.0,0.0,0.0,0.0,0.0
2022-07-25,0.0,0.0,0.0,9944.0,16.0,103.0,0.0,0.0,0.0,0.0,0.0,0.0
2022-07-26,0.0,0.0,0.0,9966.0,22.0,103.0,0.0,0.0,0.0,0.0,0.0,0.0
2022-07-27,0.0,0.0,0.0,9980.0,14.0,103.0,0.0,0.0,0.0,0.0,0.0,0.0
2022-07-28,0.0,0.0,0.0,9995.0,15.0,103.0,0.0,0.0,0.0,0.0,0.0,0.0
2022-07-29,0.0,0.0,0.0,10014.0,19.0,103.0,0.0,0.0,0.0,0.0,0.0,0.0
2022-07-30,0.0,0.0,0.0,10032.0,18.0,103.0,0.0,0.0,0.0,0.0,0.0,0.0
2022-07-31,0.0,0.0,0.0,10045.0,13.0,103.0,0.0,0.0,0.0,0.0,0.0,0.0
2022-08-01,0.0,0.0,0.0,10054.0,9.0,103.0,0.0,0.0,0.0,0.0,0.0,0.0
2022-08-02,0.0,0.0,0.0,10074.0,20.0,103.0,0.0,0.0,0.0,0.0,0.0,0.0
2022-08-03,0.0,0.0,0.0,10087.0,13.0,103.0,0.0,0.0,0.0,0.0,0.0,0.0
2022-08-04,0.0,0.0,0.0,10095.0,8.0,103.0,0.0,0.0,0.0,0.0,0.0,0.0
2022-08-05,0.0,0.0,0.0,10109.0,14.0,103.0,0.0,0.0,0.0,0.0,0.0,0.0
2022-08-06,0.0,0.0,0.0,10116.0,7.0,103.0,0.0,0.0,0.0,0.0,0.0,0.0
2022-08-07,0.0,0.0,0.0,10118.0,2.0,103.0,0.0,0.0,0.0,0.0,0.0,0.0
2022-08-08,0.0,0.0,0.0,10124.0,6.0,103.0,0.0,0.0,0.0,0.0,0.0,0.0
2022-08-09,0.0,0.0,0.0,10126.0,2.0,103.0,0.0,0.0,0.0,0.0,0.0,0.0
2022-08-10,0.0,0.0,0.0,10126.0,0.0,103.0,0.0,0.0,0.0,0.0,0.0,0.0
2022-08-11,0.0,0.0,0.0,10130.0,4.0,103.0,0.0,0.0,0.0,0.0,0.0,0.0
2022-08-12,0.0,0.0,0.0,10133.0,3.0,103.0,0.0,0.0,0.0,0.0,0.0,0.0
2022-08-13,0.0,0.0,0.0,10134.0,1.0,103.0,0.0,0.0,0.0,0.0,0.0,0.0
2022-08-14,0.0,0.0,0.0,10136.0,2.0,103.0,0.0,0.0,0.0,0.0,0.0,0.0
2022-08-15,0.0,0.0,0.0,10137.0,1.0,103.0,0.0,0.0,0.0,0.0,0.0,0.0
2022-08-16,0.0,0.0,0.0,10141.0,4.0,103.0,0.0,0.0,0.0,0.0,0.0,0.0
2022-08-17,0.0,0.0,0.0,10143.0,2.0,103.0,0.0,0.0,0.0,0.0,0.0,0.0
2022-08-18,0.0,0.0,0.0,10146.0,3.0,103.0,0.0,0.0,0.0,0.0,0.0,0.0
2022-08-19,0.0,0.0,0.0,10149.0,3.0,103.0,0.0,0.0,0.0,0.0,0.0,0.0
2022-08-20,0.0,0.0,0.0,10149.0,0.0,103.0,0.0,0.0,0.0,0.0,0.0,0.0
2022-08-21,0.0,0.0,0.0,10149.0,0.0,103.0,0.0,0.0,0.0,0.0,0.0,0.0
2022-08-22,0.0,0.0,0.0,10149.0,0.0,103.0,0.0,0.0,0.0,0.0,0.0,0.0
2022-08-23,0.0,0.0,0.0,10149.0,0.0,103.0,0.0,0.0,0.0,0.0,0.0,0.0
2022-08-24,0.0,0.0,0.0,10149.0,0.0,103.0,0.0,0.0,0.0,0.0,0.0,0.0
2022-08-25,0.0,0.0,0.0,10149.0,0.0,103.0,0.0,0.0,0.0,0.0,0.0,0.0
2022-08-26,0.0,0.0,0.0,10151.0,2.0,103.0,0.0,0.0,0.0,0.0,0.0,0.0
2022-08-27,0.0,0.0,0.0,10151.0,0.0,103.0,0.0,0.0,0.0,0.0,0.0,0.0
2022-08-28,0.0,0.0,0.0,10154.0,3.0,103.0,0.0,0.0,0.0,0.0,0.0,0.0
2022-08-29,0.0,0.0,0.0,10154.0,0.0,103.0,0.0,0.0,0.0,0.0,0.0,0.0
2022-08-30,0.0,0.0,0.0,10154.0,0.0,103.0,0.0,0.0,0.0,0.0,0.0,0.0
2022-08-31,0.0,0.0,0.0,10154.0,0.0,103.0,0.0,0.0,0.0,0.0,0.0,0.0
2022-09-01,0.0,0.0,0.0,10155.0,1.0,103.0,0.0,0.0,0.0,0.0,0.0,0.0
2022-09-02,0.0,0.0,0.0,10155.0,0.0,103.0,0.0,0.0,0.0,0.0,0.0,0.0
2022-09-03,0.0,0.0,0.0,10155.0,0.0,103.0,0.0,0.0,0.0,0.0,0.0,0.0
2022-09-04,0.0,0.0,0.0,10155.0,0.0,103.0,0.0,0.0,0.0,0.0,0.0,0.0
2022-09-05,0.0,0.0,0.0,10157.0,2.0,103.0,0.0,0.0,0.0,0.0,0.0,0.0
2022-09-06,0.0,0.0,0.0,10158.0,1.0,103.0,0.0,0.0,0.0,0.0,0.0,0.0
2022-09-07,0.0,0.0,0.0,10158.0,0.0,103.0,0.0,0.0,0.0,0.0,0.0,0.0
2022-09-08,0.0,0.0,0.0,10158.0,0.0,103.0,0.0,0.0,0.0,0.0,0.0,0.0
2022-09-09,0.0,0.0,0.0,10163.0,5.0,103.0,0.0,0.0,0.0,0.0,0.0,0.0
2022-09-10,0.0,0.0,0.0,10163.0,0.0,103.0,0.0,0.0,0.0,0.0,0.0,0.0
2022-09-11,0.0,0.0,0.0,10163.0,0.0,103.0,0.0,0.0,0.0,0.0,0.0,0.0
2022-09-12,0.0,0.0,0.0,10163.0,0.0,103.0,0.0,0.0,0.0,0.0,0.0,0.0
2022-09-13,0.0,0.0,0.0,10163.0,0.0,103.0,0.0,0.0,0.0,0.0,0.0,0.0
2022-09-14,0.0,0.0,0.0,10164.0,1.0,103.0,0.0,0.0,0.0,0.0,0.0,0.0
2022-09-15,0.0,0.0,0.0,10164.0,0.0,103.0,0.0,0.0,0.0,0.0,0.0,0.0
2022-09-16,0.0,0.0,0.0,10164.0,0.0,103.0,0.0,0.0,0.0,0.0,0.0,0.0
2022-09-17,0.0,0.0,0.0,10164.0,0.0,103.0,0.0,0.0,0.0,0.0,0.0,0.0
2022-09-18,0.0,0.0,0.0,10164.0,0.0,103.0,0.0,0.0,0.0,0.0,0.0,0.0
2022-09-19,0.0,0.0,0.0,10164.0,0.0,103.0,0.0,0.0,0.0,0.0,0.0,0.0
2022-09-20,0.0,0.0,0.0,10164.0,0.0,103.0,0.0,0.0,0.0,0.0,0.0,0.0
2022-09-21,0.0,0.0,0.0,10168.0,4.0,103.0,0.0,0.0,0.0,0.0,0.0,0.0
2022-09-22,0.0,0.0,0.0,10168.0,0.0,103.0,0.0,0.0,0.0,0.0,0.0,0.0
