date,containment_and_health,stringency,economics_sup,total_cases,new_cases,total_deaths,new_deaths,gov_response,people_vaccinated_per_hundred,people_fully_vaccinated_per_hundred,total_boosters_per_hundred
2020-01-01,0.0,0.0,0.0,0.0,,0.0,,0.0,,,
2020-01-02,0.0,0.0,0.0,0.0,0.0,0.0,0.0,0.0,,,
2020-01-03,0.0,0.0,0.0,0.0,0.0,0.0,0.0,0.0,,,
2020-01-04,0.0,0.0,0.0,0.0,0.0,0.0,0.0,0.0,,,
2020-01-05,0.0,0.0,0.0,0.0,0.0,0.0,0.0,0.0,,,
2020-01-06,0.0,0.0,0.0,0.0,0.0,0.0,0.0,0.0,,,
2020-01-07,0.0,0.0,0.0,0.0,0.0,0.0,0.0,0.0,,,
2020-01-08,0.0,0.0,0.0,0.0,0.0,0.0,0.0,0.0,,,
2020-01-09,0.0,0.0,0.0,0.0,0.0,0.0,0.0,0.0,,,
2020-01-10,0.0,0.0,0.0,0.0,0.0,0.0,0.0,0.0,,,
2020-01-11,0.0,0.0,0.0,0.0,0.0,0.0,0.0,0.0,,,
2020-01-12,0.0,0.0,0.0,0.0,0.0,0.0,0.0,0.0,,,
2020-01-13,0.0,0.0,0.0,0.0,0.0,0.0,0.0,0.0,,,
2020-01-14,0.0,0.0,0.0,0.0,0.0,0.0,0.0,0.0,,,
2020-01-15,0.0,0.0,0.0,0.0,0.0,0.0,0.0,0.0,,,
2020-01-16,0.0,0.0,0.0,0.0,0.0,0.0,0.0,0.0,,,
2020-01-17,0.0,0.0,0.0,0.0,0.0,0.0,0.0,0.0,,,
2020-01-18,0.0,0.0,0.0,0.0,0.0,0.0,0.0,0.0,,,
2020-01-19,0.0,0.0,0.0,0.0,0.0,0.0,0.0,0.0,,,
2020-01-20,0.0,0.0,0.0,0.0,0.0,0.0,0.0,0.0,,,
2020-01-21,0.0,0.0,0.0,0.0,0.0,0.0,0.0,0.0,,,
2020-01-22,328.45,27.799999999999997,0.0,2.0,2.0,1.0,1.0,287.55,,,
2020-01-23,332.02,33.36,0.0,2.0,0.0,1.0,0.0,290.67,,,
2020-01-24,344.52,52.81999999999999,0.0,4.0,2.0,1.0,0.0,301.59,,,
2020-01-25,344.52,52.81999999999999,0.0,4.0,0.0,1.0,0.0,301.59,,,
2020-01-26,350.47,62.08,0.0,10.0,6.0,1.0,0.0,306.79,,,
2020-01-27,361.18,78.75999999999999,1275.0,10.0,0.0,1.0,0.0,475.44,,,
2020-01-28,371.9,95.42999999999999,0.0,10.0,0.0,1.0,0.0,325.52,,,
2020-01-29,384.4,114.88,0.0,12.0,2.0,1.0,0.0,336.45,,,
2020-01-30,387.97,120.44,0.0,12.0,0.0,1.0,0.0,339.57,,,
2020-01-31,398.69,137.1,0.0,16.0,4.0,1.0,0.0,348.95,,,
2020-02-01,398.69,137.1,0.0,16.0,0.0,1.0,0.0,348.95,,,
2020-02-02,409.4,153.76999999999998,0.0,16.0,0.0,1.0,0.0,358.33,,,
2020-02-03,412.96999999999997,159.32999999999998,0.0,22.0,6.0,1.0,0.0,361.45,,,
2020-02-04,412.96999999999997,159.32999999999998,0.0,22.0,0.0,1.0,0.0,361.45,,,
2020-02-05,416.54,164.89,0.0,22.0,0.0,1.0,0.0,364.57,,,
2020-02-06,418.92,164.89,0.0,24.0,2.0,1.0,0.0,366.65,,,
2020-02-07,424.29,173.20999999999998,0.0,24.0,0.0,1.0,0.0,371.35,,,
2020-02-08,424.29,173.20999999999998,0.0,24.0,0.0,1.0,0.0,371.35,,,
2020-02-09,426.07,175.98999999999998,0.0,24.0,0.0,1.0,0.0,372.91,,,
2020-02-10,429.64,181.54999999999998,0.0,24.0,0.0,1.0,0.0,376.03,,,
2020-02-11,429.64,181.54999999999998,0.0,26.0,2.0,1.0,0.0,376.03,,,
2020-02-12,429.64,181.54999999999998,0.0,26.0,0.0,1.0,0.0,376.03,,,
2020-02-13,429.64,181.54999999999998,0.0,28.0,2.0,1.0,0.0,376.03,,,
2020-02-14,429.64,181.54999999999998,0.0,28.0,0.0,1.0,0.0,376.03,,,
2020-02-15,429.64,181.54999999999998,0.0,28.0,0.0,1.0,0.0,376.03,,,
2020-02-16,429.64,181.54999999999998,0.0,28.0,0.0,1.0,0.0,376.03,,,
2020-02-17,429.64,181.54999999999998,0.0,29.0,1.0,1.0,0.0,376.03,,,
2020-02-18,429.64,181.54999999999998,0.0,30.0,1.0,1.0,0.0,376.03,,,
2020-02-19,429.64,181.54999999999998,0.0,30.0,0.0,1.0,0.0,376.03,,,
2020-02-20,429.64,181.54999999999998,0.0,30.0,0.0,1.0,0.0,376.03,,,
2020-02-21,433.22,187.1,0.0,32.0,2.0,1.0,0.0,379.16,,,
2020-02-22,433.22,187.1,0.0,32.0,0.0,1.0,0.0,379.16,,,
2020-02-23,433.22,187.1,0.0,32.0,0.0,1.0,0.0,379.16,,,
2020-02-24,436.79,192.66,0.0,33.0,1.0,1.0,0.0,382.28,,,
2020-02-25,445.72,206.54999999999998,0.0,34.0,1.0,1.0,0.0,390.09000000000003,,,
2020-02-26,462.40999999999997,228.76,0.0,35.0,1.0,1.0,0.0,404.69,,,
2020-02-27,480.29,256.53,0.0,36.0,1.0,1.0,0.0,420.32,,,
2020-02-28,493.38,273.21,0.0,36.0,0.0,1.0,0.0,431.77,,,
2020-02-29,504.11,278.77,0.0,51.0,15.0,3.0,2.0,441.15000000000003,,,
2020-03-01,519.0,298.21,0.0,71.0,20.0,3.0,0.0,454.17,,,
2020-03-02,732.12,731.4100000000001,0.0,112.0,41.0,13.0,10.0,640.63,,,
2020-03-03,745.21,736.97,0.0,153.0,41.0,15.0,2.0,652.1,,,
2020-03-04,776.75,771.22,25.0,220.0,67.0,23.0,8.0,682.86,,,
2020-03-05,807.69,813.7900000000001,37.5,368.0,148.0,25.0,2.0,711.51,,,
2020-03-06,817.21,813.7900000000001,62.5,484.0,116.0,29.0,4.0,722.98,,,
2020-03-07,839.8199999999999,834.1600000000001,62.5,820.0,336.0,35.0,6.0,742.78,,,
2020-03-08,845.18,842.5,62.5,1057.0,237.0,43.0,8.0,747.47,,,
2020-03-09,881.49,871.22,100.0,1224.0,167.0,46.0,3.0,783.92,,,
2020-03-10,916.32,899.01,150.0,1579.0,355.0,57.0,11.0,820.63,,,
2020-03-11,985.97,996.24,150.0,2303.0,724.0,67.0,10.0,881.54,,,
2020-03-12,1280.28,1393.98,212.5,3182.0,879.0,88.0,21.0,1146.89,,,
2020-03-13,1615.51,1731.95,487.5,4441.0,1259.0,103.0,15.0,1474.48,,,
2020-03-14,1647.69,1759.73,487.5,5930.0,1489.0,119.0,16.0,1502.6,,,
2020-03-15,1769.12,1924.56,487.5,6446.0,516.0,142.0,23.0,1608.83,,,
2020-03-16,2212.83,2600.01,825.0,9317.0,2871.0,194.0,52.0,2039.34,,,
2020-03-17,2364.59,2824.99,1225.0,12884.0,3567.0,267.0,73.0,2222.13,,,
2020-03-18,2415.76,2900.9,1362.5,18245.0,5361.0,392.0,125.0,2284.1,,,
2020-03-19,2506.84,3025.9,1512.5,27237.0,8992.0,538.0,146.0,2382.52,,,
2020-03-20,2555.35,3092.12,1637.5,39991.0,12754.0,749.0,211.0,2440.6,,,
2020-03-21,2605.66,3162.98,1662.5,51967.0,11976.0,955.0,206.0,2487.73,,,
2020-03-22,2630.66,3194.46,1737.5,69753.0,17786.0,1203.0,248.0,2519.0,,,
2020-03-23,2776.2,3400.47,1825.0,92048.0,22295.0,1576.0,373.0,2657.32,,,
2020-03-24,2896.15,3568.53,1850.0,113263.0,21215.0,2062.0,486.0,2765.37,,,
2020-03-25,2991.97,3706.48,1900.0,137500.0,24237.0,2728.0,666.0,2855.47,,,
2020-03-26,3016.09,3740.29,2000.0,173121.0,35621.0,3562.0,834.0,2889.05,,,
2020-03-27,3065.5099999999998,3813.43,3812.5,210280.0,37159.0,4603.0,1041.0,3158.82,,,
2020-03-28,3091.1,3853.25,3812.5,254505.0,44225.0,6029.0,1426.0,3181.23,,,
2020-03-29,3096.45,3861.58,3812.5,286730.0,32225.0,7139.0,1110.0,3185.92,,,
2020-03-30,3153.6,3946.7799999999997,3837.5,330980.0,44250.0,8550.0,1411.0,3239.04,,,
2020-03-31,3173.83,3969.0,3862.5,383666.0,52686.0,10705.0,2155.0,3259.86,,,
2020-04-01,3208.96,4015.7599999999998,3862.5,454889.0,71223.0,13968.0,3263.0,3290.6,,,
2020-04-02,3229.19,4035.66,3887.5,519377.0,64488.0,17051.0,3083.0,3311.44,,,
2020-04-03,3282.44,4097.71,3887.5,584212.0,64835.0,19909.0,2858.0,3358.05,,,
2020-04-04,3362.47,4104.19,3887.5,647562.0,63350.0,23145.0,3236.0,3428.1,,,
2020-04-05,3364.85,4104.19,3887.5,705445.0,57883.0,26403.0,3258.0,3430.2000000000003,,,
2020-04-06,3385.7,4123.64,3887.5,769391.0,63946.0,29928.0,3525.0,3448.43,,,
2020-04-07,3386.0,4125.5,3887.5,829623.0,60232.0,35138.0,5210.0,3448.7,,,
2020-04-08,3389.86,4127.34,3887.5,892064.0,62441.0,39440.0,4302.0,3452.1,,,
2020-04-09,3403.55,4138.45,3912.5,963504.0,71440.0,43943.0,4503.0,3467.2,,,
2020-04-10,3404.44,4138.45,3912.5,1032069.0,68565.0,48308.0,4365.0,3467.98,,,
2020-04-11,3409.8,4146.79,3912.5,1089895.0,57826.0,52544.0,4236.0,3472.66,,,
2020-04-12,3408.91,4138.46,3912.5,1141882.0,51987.0,56336.0,3792.0,3471.89,,,
2020-04-13,3416.95,4144.0199999999995,3912.5,1196367.0,54485.0,60337.0,4001.0,3478.94,,,
2020-04-14,3421.12,4144.0199999999995,3912.5,1253346.0,56979.0,65299.0,4962.0,3482.58,,,
2020-04-15,3431.24,4144.0199999999995,3887.5,1305719.0,52373.0,70516.0,5217.0,3488.3,,,
2020-04-16,3441.07,4144.0199999999995,3887.5,1364931.0,59212.0,74893.0,4377.0,3496.89,,,
2020-04-17,3445.53,4134.7699999999995,3887.5,1431236.0,66305.0,79098.0,4205.0,3500.8,,,
2020-04-18,3447.31,4134.7699999999995,3887.5,1485796.0,54560.0,82976.0,3878.0,3502.37,,,
2020-04-19,3449.69,4134.7699999999995,3887.5,1536164.0,50368.0,86930.0,3954.0,3504.45,,,
2020-04-20,3451.17,4123.64,3887.5,1597049.0,60885.0,91474.0,4544.0,3505.7400000000002,,,
2020-04-21,3461.89,4127.35,3887.5,1649267.0,52218.0,96402.0,4928.0,3515.11,,,
2020-04-22,3472.6,4127.35,3912.5,1709204.0,59937.0,101333.0,4931.0,3527.61,,,
2020-04-23,3474.99,4127.35,3912.5,1773323.0,64119.0,106180.0,4847.0,3529.69,,,
2020-04-24,3449.7,4087.99,3912.5,1836271.0,62948.0,110300.0,4120.0,3507.55,,,
2020-04-25,3454.46,4086.14,3912.5,1897855.0,61584.0,113772.0,3472.0,3511.73,,,
2020-04-26,3459.2200000000003,4086.14,3912.5,1949570.0,51715.0,116600.0,2828.0,3515.91,,,
2020-04-27,3451.77,4078.72,3912.5,1999044.0,49474.0,119572.0,2972.0,3509.39,,,
2020-04-28,3457.12,4058.35,3912.5,2048095.0,49051.0,124034.0,4462.0,3514.09,,,
2020-04-29,3463.08,4054.65,3912.5,2101687.0,53592.0,128782.0,4748.0,3519.3,,,
2020-04-30,3455.35,4042.61,3912.5,2160752.0,59065.0,133160.0,4378.0,3512.53,,,
2020-05-01,3433.6,3995.4,3937.5,2230443.0,69691.0,136918.0,3758.0,3496.62,,,
2020-05-02,3433.6,3991.69,3937.5,2283650.0,53207.0,140403.0,3485.0,3496.62,,,
2020-05-03,3433.6,3991.69,3937.5,2330843.0,47193.0,142807.0,2404.0,3496.62,,,
2020-05-04,3413.37,3937.9900000000002,3937.5,2378868.0,48025.0,145547.0,2740.0,3478.92,,,
2020-05-05,3409.49,3929.21,3937.5,2426968.0,48100.0,149903.0,4356.0,3475.52,,,
2020-05-06,3411.56,3919.96,3937.5,2475750.0,48782.0,154545.0,4642.0,3477.35,,,
2020-05-07,3412.75,3918.11,3962.5,2530994.0,55244.0,158354.0,3809.0,3481.5099999999998,,,
2020-05-08,3394.59,3879.65,3962.5,2585248.0,54254.0,161887.0,3533.0,3465.63,,,
2020-05-09,3389.84,3869.4500000000003,3962.5,2633533.0,48285.0,164828.0,2941.0,3461.47,,,
2020-05-10,3392.22,3869.4500000000003,3962.5,2670911.0,37378.0,166827.0,1999.0,3463.55,,,
2020-05-11,3386.25,3850.91,3962.5,2709413.0,38502.0,168876.0,2049.0,3458.34,,,
2020-05-12,3398.75,3851.84,3962.5,2756369.0,46956.0,172058.0,3182.0,3469.28,,,
2020-05-13,3401.44,3839.34,3962.5,2796503.0,40134.0,175447.0,3389.0,3471.64,,,
2020-05-14,3398.16,3832.86,3987.5,2848252.0,51749.0,178983.0,3536.0,3471.9,,,
2020-05-15,3385.67,3793.03,3962.5,2897892.0,49640.0,182234.0,3251.0,3457.82,,,
2020-05-16,3375.55,3770.8,3962.5,2945636.0,47744.0,184572.0,2338.0,3448.96,,,
2020-05-17,3374.36,3765.25,3962.5,2982857.0,37221.0,186201.0,1629.0,3447.92,,,
2020-05-18,3377.65,3749.95,3962.5,3027593.0,44736.0,188644.0,2443.0,3450.76,,,
2020-05-19,3377.64,3744.39,3962.5,3068679.0,41086.0,191500.0,2856.0,3450.76,,,
2020-05-20,3372.88,3733.28,3962.5,3114356.0,45677.0,194439.0,2939.0,3446.59,,,
2020-05-21,3365.15,3717.55,3962.5,3164526.0,50170.0,196802.0,2363.0,3439.82,,,
2020-05-22,3355.32,3695.33,3962.5,3212181.0,47655.0,199210.0,2408.0,3431.23,,,
2020-05-23,3355.32,3695.33,3962.5,3251943.0,39762.0,201365.0,2155.0,3431.23,,,
2020-05-24,3355.32,3695.33,3962.5,3292166.0,40223.0,202643.0,1278.0,3431.23,,,
2020-05-25,3355.32,3695.33,3937.5,3330504.0,38338.0,203841.0,1198.0,3428.11,,,
2020-05-26,3356.22,3687.9300000000003,3937.5,3367886.0,37382.0,205147.0,1306.0,3428.9,,,
2020-05-27,3354.45,3685.15,3912.5,3405473.0,37587.0,208051.0,2904.0,3424.21,,,
2020-05-28,3355.05,3682.37,3887.5,3447708.0,42235.0,210181.0,2130.0,3421.6,,,
2020-05-29,3343.14,3648.11,3912.5,3497244.0,49536.0,212398.0,2217.0,3414.3,,,
2020-05-30,3330.34,3628.22,3912.5,3542673.0,45429.0,214293.0,1895.0,3403.11,,,
2020-05-31,3326.18,3621.7400000000002,3912.5,3580203.0,37530.0,215536.0,1243.0,3399.46,,,
2020-06-01,3258.92,3510.63,3887.5,3615909.0,35706.0,217070.0,1534.0,3337.48,,,
2020-06-02,3258.92,3510.63,3887.5,3656028.0,40119.0,219010.0,1940.0,3337.48,,,
2020-06-03,3254.16,3503.22,3887.5,3694187.0,38159.0,221008.0,1998.0,3333.32,,,
2020-06-04,3248.5,3490.24,3912.5,3749788.0,55601.0,223004.0,1996.0,3331.51,,,
2020-06-05,3236.0,3461.54,3912.5,3802452.0,52664.0,224743.0,1739.0,3320.56,,,
2020-06-06,3236.6,3458.7599999999998,3912.5,3842734.0,40282.0,226018.0,1275.0,3321.08,,,
2020-06-07,3234.82,3455.98,3912.5,3878345.0,35611.0,226938.0,920.0,3319.51,,,
2020-06-08,3214.59,3428.22,3912.5,3912169.0,33824.0,227942.0,1004.0,3301.8,,,
2020-06-09,3208.34,3417.11,3912.5,3952844.0,40675.0,229760.0,1818.0,3296.33,,,
2020-06-10,3202.98,3408.78,3912.5,3996382.0,43538.0,231475.0,1715.0,3291.64,,,
2020-06-11,3191.66,3387.48,3912.5,4040996.0,44614.0,233096.0,1621.0,3281.75,,,
2020-06-12,3180.36,3373.59,3912.5,4092082.0,51086.0,234740.0,1644.0,3271.85,,,
2020-06-13,3175.01,3365.25,3912.5,4140339.0,48257.0,236152.0,1412.0,3267.16,,,
2020-06-14,3175.01,3365.25,3912.5,4178228.0,37889.0,236847.0,695.0,3267.16,,,
2020-06-15,3143.44,3316.18,3887.5,4220462.0,42234.0,237643.0,796.0,3236.43,,,
2020-06-16,3125.29,3291.18,3887.5,4269729.0,49267.0,239195.0,1552.0,3220.55,,,
2020-06-17,3122.02,3286.09,3887.5,4323883.0,54154.0,240677.0,1482.0,3217.68,,,
2020-06-18,3118.16,3278.68,3887.5,4380449.0,56566.0,242071.0,1394.0,3214.29,,,
2020-06-19,3118.4700000000003,3279.61,3887.5,4442422.0,61973.0,243333.0,1262.0,3214.56,,,
2020-06-20,3108.95,3264.79,3887.5,4506076.0,63654.0,244459.0,1126.0,3206.23,,,
2020-06-21,3106.57,3264.79,3887.5,4557755.0,51679.0,245095.0,636.0,3204.15,,,
2020-06-22,3099.12,3251.85,3887.5,4617752.0,59997.0,245853.0,758.0,3197.63,,,
2020-06-23,3106.56,3262.03,3887.5,4695507.0,77755.0,247315.0,1462.0,3204.14,,,
2020-06-24,3118.17,3268.98,3887.5,4768123.0,72616.0,248823.0,1508.0,3214.31,,,
2020-06-25,3122.33,3279.16,3887.5,4846836.0,78713.0,249923.0,1100.0,3217.96,,,
2020-06-26,3119.36,3258.79,3887.5,4944999.0,98163.0,251181.0,1258.0,3215.33,,,
2020-06-27,3118.48,3256.02,3887.5,5026668.0,81669.0,252178.0,997.0,3214.55,,,
2020-06-28,3113.12,3247.68,3912.5,5112484.0,85816.0,252823.0,645.0,3212.98,,,
2020-06-29,3096.4700000000003,3217.58,3887.5,5195580.0,83096.0,253565.0,742.0,3195.29,,,
2020-06-30,3098.56,3219.43,3887.5,5295599.0,100019.0,254663.0,1098.0,3197.11,,,
2020-07-01,3084.58,3200.93,3812.5,5394236.0,98637.0,256065.0,1402.0,3175.5,,,
2020-07-02,3080.41,3193.06,3812.5,5504411.0,110175.0,257549.0,1484.0,3171.85,,,
2020-07-03,3080.7200000000003,3185.19,3812.5,5607748.0,103337.0,258908.0,1359.0,3172.12,,,
2020-07-04,3078.93,3182.41,3812.5,5699805.0,92057.0,259521.0,613.0,3170.56,,,
2020-07-05,3078.93,3182.41,3812.5,5807794.0,107989.0,260167.0,646.0,3170.56,,,
2020-07-06,3072.96,3173.16,3812.5,5894767.0,86973.0,260937.0,770.0,3165.35,,,
2020-07-07,3081.28,3173.16,3812.5,6009635.0,114868.0,263223.0,2286.0,3172.64,,,
2020-07-08,3086.34,3173.16,3812.5,6130567.0,120932.0,264905.0,1682.0,3177.08,,,
2020-07-09,3086.34,3173.16,3812.5,6250125.0,119558.0,266977.0,2072.0,3177.08,,,
2020-07-10,3088.44,3170.84,3812.5,6387541.0,137416.0,268585.0,1608.0,3178.9,,,
2020-07-11,3091.71,3170.84,3812.5,6508415.0,120874.0,270081.0,1496.0,3181.76,,,
2020-07-12,3091.71,3170.84,3812.5,6628761.0,120346.0,271031.0,950.0,3181.76,,,
2020-07-13,3092.6,3170.84,3812.5,6747882.0,119121.0,271923.0,892.0,3182.54,,,
2020-07-14,3098.55,3175.0,3812.5,6879373.0,131491.0,273709.0,1786.0,3187.75,,,
2020-07-15,3098.55,3181.01,3812.5,7011979.0,132606.0,275633.0,1924.0,3187.76,,,
2020-07-16,3113.13,3188.88,3812.5,7153526.0,141547.0,277578.0,1945.0,3200.54,,,
2020-07-17,3121.48,3190.72,3812.5,7286046.0,132520.0,279415.0,1837.0,3207.83,,,
2020-07-18,3119.7000000000003,3187.94,3812.5,7414422.0,128376.0,281192.0,1777.0,3206.26,,,
2020-07-19,3114.9300000000003,3187.94,3812.5,7532060.0,117638.0,282158.0,966.0,3202.09,,,
2020-07-20,3115.2200000000003,3187.01,3812.5,7653615.0,121555.0,283220.0,1062.0,3202.35,,,
2020-07-21,3122.35,3189.79,3812.5,7790003.0,136388.0,285412.0,2192.0,3208.6,,,
2020-07-22,3131.57,3187.93,3812.5,7924844.0,134841.0,287850.0,2438.0,3216.67,,,
2020-07-23,3135.44,3190.71,3812.5,8060222.0,135378.0,289997.0,2147.0,3220.06,,,
2020-07-24,3144.37,3195.34,3812.5,8210037.0,149815.0,292180.0,2183.0,3227.86,,,
2020-07-25,3144.37,3195.34,3562.5,8337255.0,127218.0,294106.0,1926.0,3196.6,,,
2020-07-26,3144.37,3195.34,3537.5,8448328.0,111073.0,295184.0,1078.0,3193.4700000000003,,,
2020-07-27,3144.36,3195.34,3537.5,8568217.0,119889.0,297402.0,2218.0,3193.46,,,
2020-07-28,3146.7400000000002,3199.04,3537.5,8697127.0,128910.0,299818.0,2416.0,3195.55,,,
2020-07-29,3144.36,3191.63,3537.5,8825211.0,128084.0,302683.0,2865.0,3193.46,,,
2020-07-30,3144.36,3191.63,3562.5,8963393.0,138182.0,305270.0,2587.0,3196.59,,,
2020-07-31,3158.03,3210.14,2437.5,9092287.0,128894.0,307609.0,2339.0,3067.96,,,
2020-08-01,3160.41,3211.07,2437.5,9206541.0,114254.0,309833.0,2224.0,3070.04,,,
2020-08-02,3162.79,3214.78,2437.5,9300050.0,93509.0,310752.0,919.0,3072.13,,,
2020-08-03,3173.51,3231.44,2387.5,9383664.0,83614.0,311878.0,1126.0,3075.25,,,
2020-08-04,3176.79,3235.15,2362.5,9506545.0,122881.0,314381.0,2503.0,3074.98,,,
2020-08-05,3180.36,3229.59,2375.0,9614584.0,108039.0,317206.0,2825.0,3079.66,,,
2020-08-06,3177.98,3229.59,2400.0,9734546.0,119962.0,319565.0,2359.0,3080.7,,,
2020-08-07,3175.0,3224.96,2400.0,9855080.0,120534.0,322140.0,2575.0,3078.1,,,
2020-08-08,3175.0,3224.96,2400.0,9982164.0,127084.0,324309.0,2169.0,3078.1,,,
2020-08-09,3175.0,3224.96,2400.0,10090044.0,107880.0,325450.0,1141.0,3078.1,,,
2020-08-10,3163.1,3206.44,2400.0,10192962.0,102918.0,326500.0,1050.0,3067.7,,,
2020-08-11,3158.94,3199.96,2400.0,10306322.0,113360.0,328642.0,2142.0,3064.06,,,
2020-08-12,3157.75,3201.81,2400.0,10416164.0,109842.0,331654.0,3012.0,3063.02,,,
2020-08-13,3154.1800000000003,3196.2599999999998,2412.5,10518905.0,102741.0,333715.0,2061.0,3061.46,,,
2020-08-14,3150.01,3195.32,2412.5,10658585.0,139680.0,336314.0,2599.0,3057.8,,,
2020-08-15,3150.01,3195.32,2412.5,10762851.0,104266.0,338374.0,2060.0,3057.8,,,
2020-08-16,3147.63,3191.62,2412.5,10831876.0,69025.0,339598.0,1224.0,3055.72,,,
2020-08-17,3122.92,3146.25,2437.5,10907315.0,75439.0,340552.0,954.0,3037.24,,,
2020-08-18,3124.4,3143.0099999999998,2437.5,10996548.0,89233.0,342999.0,2447.0,3038.54,,,
2020-08-19,3124.4,3139.31,2437.5,11088265.0,91717.0,344359.0,1360.0,3038.54,,,
2020-08-20,3123.51,3134.23,2437.5,11178279.0,90014.0,346550.0,2191.0,3037.7599999999998,,,
2020-08-21,3122.62,3130.99,2437.5,11273539.0,95260.0,348732.0,2182.0,3036.98,,,
2020-08-22,3126.19,3130.99,2437.5,11363817.0,90278.0,350637.0,1905.0,3040.11,,,
2020-08-23,3120.84,3122.66,2437.5,11427351.0,63534.0,351641.0,1004.0,3035.42,,,
2020-08-24,3094.03,3081.02,2462.5,11495015.0,67664.0,352507.0,866.0,3015.09,,,
2020-08-25,3092.84,3079.17,2487.5,11579990.0,84975.0,354941.0,2434.0,3017.16,,,
2020-08-26,3080.94,3069.9,2487.5,11664182.0,84192.0,357248.0,2307.0,3006.73,,,
2020-08-27,3080.94,3069.9,2487.5,11764461.0,100279.0,359457.0,2209.0,3006.73,,,
2020-08-28,3083.61,3074.07,2487.5,11856758.0,92297.0,361295.0,1838.0,3009.07,,,
2020-08-29,3083.61,3074.07,2462.5,11942499.0,85741.0,363213.0,1918.0,3005.94,,,
2020-08-30,3083.61,3070.37,2462.5,12010573.0,68074.0,364089.0,876.0,3005.95,,,
2020-08-31,3070.52,3053.7,2462.5,12077339.0,66766.0,365051.0,962.0,2994.4900000000002,,,
2020-09-01,3062.19,3044.44,2662.5,12161110.0,83771.0,367180.0,2129.0,3012.21,,,
2020-09-02,3058.02,3037.96,2662.5,12240919.0,79809.0,369282.0,2102.0,3008.57,,,
2020-09-03,3058.02,3037.96,2662.5,12331150.0,90231.0,371320.0,2038.0,3008.57,,,
2020-09-04,3044.61,3020.83,2637.5,12428413.0,97263.0,373216.0,1896.0,2993.73,,,
2020-09-05,3043.42,3018.98,2637.5,12514612.0,86199.0,374792.0,1576.0,2992.69,,,
2020-09-06,3043.42,3018.98,2637.5,12572695.0,58083.0,375648.0,856.0,2992.69,,,
2020-09-07,3043.42,3018.98,2637.5,12621669.0,48974.0,376294.0,646.0,2992.69,,,
2020-09-08,3029.73,2993.98,2637.5,12675727.0,54058.0,377230.0,936.0,2980.71,,,
2020-09-09,3030.33,2991.2,2650.0,12743357.0,67630.0,379415.0,2185.0,2982.8,,,
2020-09-10,3030.33,2991.2,2625.0,12822048.0,78691.0,381219.0,1804.0,2979.68,,,
2020-09-11,3019.63,2974.53,2425.0,12911608.0,89560.0,383491.0,2272.0,2945.28,,,
2020-09-12,3022.0,2978.23,2412.5,13002483.0,90875.0,384952.0,1461.0,2945.81,,,
2020-09-13,3022.0,2978.23,2412.5,13082878.0,80395.0,385736.0,784.0,2945.81,,,
2020-09-14,3020.21,2969.91,2437.5,13148471.0,65593.0,386574.0,838.0,2947.37,,,
2020-09-15,3010.9900000000002,2964.82,2437.5,13223061.0,74590.0,388945.0,2371.0,2939.29,,,
2020-09-16,3009.2,2962.03,2437.5,13299662.0,76601.0,390793.0,1848.0,2937.72,,,
2020-09-17,3005.33,2958.33,2425.0,13390134.0,90472.0,392471.0,1678.0,2932.78,,,
2020-09-18,2997.0,2958.33,2387.5,13490034.0,99900.0,394376.0,1905.0,2920.8,,,
2020-09-19,2997.0,2958.33,2387.5,13580537.0,90503.0,395697.0,1321.0,2920.8,,,
2020-09-20,2997.0,2958.33,2387.5,13663431.0,82894.0,396224.0,527.0,2920.8,,,
2020-09-21,2983.01,2938.42,2387.5,13727721.0,64290.0,397042.0,818.0,2908.57,,,
2020-09-22,2988.96,2938.42,2400.0,13804158.0,76437.0,399076.0,2034.0,2915.35,,,
2020-09-23,2991.34,2938.42,2400.0,13886513.0,82355.0,401176.0,2100.0,2917.42,,,
2020-09-24,2991.34,2938.42,2400.0,13983700.0,97187.0,402945.0,1769.0,2917.42,,,
2020-09-25,2974.67,2916.2,2400.0,14077024.0,93324.0,404766.0,1821.0,2902.84,,,
2020-09-26,2974.67,2916.2,2400.0,14163496.0,86472.0,406280.0,1514.0,2902.84,,,
2020-09-27,2974.67,2916.2,2400.0,14230352.0,66856.0,406886.0,606.0,2902.84,,,
2020-09-28,2973.48,2914.35,2400.0,14305793.0,75441.0,407557.0,671.0,2901.8,,,
2020-09-29,2975.86,2916.2,2400.0,14389868.0,84075.0,409338.0,1781.0,2903.89,,,
2020-09-30,2963.36,2903.7,2400.0,14467406.0,77538.0,411137.0,1799.0,2892.95,,,
2020-10-01,2967.22,2898.14,2375.0,14559926.0,92520.0,412925.0,1788.0,2893.22,,,
2020-10-02,2956.51,2887.4900000000002,2387.5,14666585.0,106659.0,414590.0,1665.0,2885.4,,,
2020-10-03,2958.89,2887.4900000000002,2387.5,14764853.0,98268.0,415925.0,1335.0,2887.48,,,
2020-10-04,2958.89,2887.4900000000002,2387.5,14831305.0,66452.0,416658.0,733.0,2887.48,,,
2020-10-05,2954.72,2881.01,2387.5,14906867.0,75562.0,417595.0,937.0,2883.84,,,
2020-10-06,2958.89,2878.23,2387.5,14996497.0,89630.0,418968.0,1373.0,2887.48,,,
2020-10-07,2962.16,2879.62,2387.5,15095497.0,99000.0,420771.0,1803.0,2890.35,,,
2020-10-08,2965.43,2884.7200000000003,2387.5,15211493.0,115996.0,422706.0,1935.0,2893.21,,,
2020-10-09,2960.09,2876.39,2387.5,15321794.0,110301.0,424625.0,1919.0,2888.53,,,
2020-10-10,2960.09,2876.39,2387.5,15431868.0,110074.0,425915.0,1290.0,2888.53,,,
2020-10-11,2961.88,2876.39,2387.5,15525170.0,93302.0,426837.0,922.0,2890.09,,,
2020-10-12,2963.07,2876.39,2387.5,15610886.0,85716.0,427622.0,785.0,2891.13,,,
2020-10-13,2966.94,2876.39,2387.5,15711860.0,100974.0,429098.0,1476.0,2894.51,,,
2020-10-14,2963.97,2868.06,2387.5,15829499.0,117639.0,431072.0,1974.0,2891.92,,,
2020-10-15,2969.93,2871.76,2362.5,15956718.0,127219.0,432745.0,1673.0,2894.0,,,
2020-10-16,2969.62,2876.85,2362.5,16096985.0,140267.0,434595.0,1850.0,2893.73,,,
2020-10-17,2961.59,2865.7400000000002,2362.5,16206351.0,109366.0,436172.0,1577.0,2886.71,,,
2020-10-18,2961.59,2865.7400000000002,2362.5,16310371.0,104020.0,437128.0,956.0,2886.71,,,
2020-10-19,2970.81,2872.23,2337.5,16447413.0,137042.0,438148.0,1020.0,2891.67,,,
2020-10-20,2969.02,2869.45,2337.5,16571822.0,124409.0,440048.0,1900.0,2890.11,,,
2020-10-21,2969.91,2870.85,2337.5,16694228.0,122406.0,442373.0,2325.0,2890.89,,,
2020-10-22,2971.09,2871.78,2337.5,16854389.0,160161.0,444086.0,1713.0,2891.92,,,
2020-10-23,2969.3,2878.27,2337.5,17017367.0,162978.0,445992.0,1906.0,2890.36,,,
2020-10-24,2969.3,2878.27,2337.5,17173231.0,155864.0,447931.0,1939.0,2890.36,,,
2020-10-25,2967.82,2879.66,2337.5,17293205.0,119974.0,448826.0,895.0,2889.05,,,
2020-10-26,2960.07,2871.33,2337.5,17421732.0,128527.0,449929.0,1103.0,2882.29,,,
2020-10-27,2964.84,2875.03,2337.5,17579154.0,157422.0,451969.0,2040.0,2886.46,,,
2020-10-28,2965.42,2868.54,2337.5,17755800.0,176646.0,454044.0,2075.0,2886.9700000000003,,,
2020-10-29,2967.8,2875.95,2337.5,17940391.0,184591.0,456038.0,1994.0,2889.06,,,
2020-10-30,2967.21,2876.87,2337.5,18140741.0,200350.0,458175.0,2137.0,2888.53,,,
2020-10-31,2967.21,2876.87,2337.5,18313803.0,173062.0,460051.0,1876.0,2888.53,,,
2020-11-01,2969.0,2879.65,2337.5,18469571.0,155768.0,461057.0,1006.0,2890.1,,,
2020-11-02,2971.98,2878.72,2337.5,18636732.0,167161.0,462244.0,1187.0,2892.7000000000003,,,
2020-11-03,2970.79,2880.57,2337.5,18889923.0,253191.0,465489.0,3245.0,2891.66,,,
2020-11-04,2974.36,2883.35,2337.5,19093932.0,204009.0,467711.0,2222.0,2894.78,,,
2020-11-05,2974.36,2887.05,2337.5,19353567.0,259635.0,470090.0,2379.0,2894.79,,,
2020-11-06,2978.53,2894.46,2337.5,19610931.0,257364.0,472522.0,2432.0,2898.42,,,
2020-11-07,2978.53,2894.46,2337.5,19864755.0,253824.0,474771.0,2249.0,2898.42,,,
2020-11-08,2979.72,2896.31,2337.5,20102736.0,237981.0,475911.0,1140.0,2899.46,,,
2020-11-09,2978.53,2894.46,2337.5,20341189.0,238453.0,477502.0,1591.0,2898.41,,,
2020-11-10,2986.58,2903.26,2337.5,20619535.0,278346.0,480372.0,2870.0,2905.4500000000003,,,
2020-11-11,2992.83,2918.53,2337.5,20918538.0,299003.0,483286.0,2914.0,2910.92,,,
2020-11-12,2990.45,2916.22,2312.5,21236655.0,318117.0,485764.0,2478.0,2905.73,,,
2020-11-13,2995.51,2917.59,2337.5,21593855.0,357200.0,488211.0,2447.0,2913.26,,,
2020-11-14,3007.71,2935.18,2337.5,21918639.0,324784.0,490938.0,2727.0,2923.93,,,
2020-11-15,3011.87,2943.05,2312.5,22194666.0,276027.0,492499.0,1561.0,2924.46,,,
2020-11-16,3024.37,2959.71,2300.0,22506337.0,311671.0,494242.0,1743.0,2933.85,,,
2020-11-17,3031.21,2961.1,2300.0,22840186.0,333849.0,497719.0,3477.0,2939.86,,,
2020-11-18,3038.94,2972.2000000000003,2325.0,23186518.0,346332.0,501571.0,3852.0,2949.7599999999998,,,
2020-11-19,3039.24,2972.66,2325.0,23569611.0,383093.0,505589.0,4018.0,2950.02,,,
2020-11-20,3063.36,3005.9900000000002,2325.0,23971238.0,401627.0,509524.0,3935.0,2971.12,,,
2020-11-21,3064.55,3007.84,2312.5,24324826.0,353588.0,512762.0,3238.0,2970.6,,,
2020-11-22,3064.55,3007.84,2312.5,24614180.0,289354.0,514903.0,2141.0,2970.6,,,
2020-11-23,3063.96,3014.32,2312.5,24982623.0,368443.0,517168.0,2265.0,2970.08,,,
2020-11-24,3065.75,3022.65,2300.0,25331892.0,349269.0,521529.0,4361.0,2970.08,,,
2020-11-25,3070.21,3024.5,2300.0,25694269.0,362377.0,526033.0,4504.0,2973.98,,,
2020-11-26,3070.21,3024.5,2300.0,25919271.0,225002.0,528794.0,2761.0,2973.98,,,
2020-11-27,3072.59,3028.2,2325.0,26347903.0,428632.0,532024.0,3230.0,2979.19,,,
2020-11-28,3072.59,3028.2,2325.0,26681339.0,333436.0,534831.0,2807.0,2979.19,,,
2020-11-29,3070.8,3019.86,2325.0,26960233.0,278894.0,536914.0,2083.0,2977.63,,,
2020-11-30,3084.51,3035.61,2325.0,27276978.0,316745.0,539652.0,2738.0,2989.63,,,
2020-12-01,3088.38,3043.02,2325.0,27673565.0,396587.0,544752.0,5100.0,2992.99,,,
2020-12-02,3080.64,3030.9900000000002,2325.0,28067287.0,393722.0,550290.0,5538.0,2986.22,,,
2020-12-03,3086.59,3036.55,2325.0,28505718.0,438431.0,556101.0,5811.0,2991.43,,,
2020-12-04,3090.16,3042.1,2325.0,28975571.0,469853.0,561416.0,5315.0,2994.56,,,
2020-12-05,3085.4,3040.25,2300.0,29414054.0,438483.0,566206.0,4790.0,2987.26,,,
2020-12-06,3084.51,3038.86,2300.0,29769184.0,355130.0,569033.0,2827.0,2986.48,,,
2020-12-07,3090.46,3044.42,2325.0,30161295.0,392111.0,572304.0,3271.0,2994.81,,,
2020-12-08,3089.57,3046.7400000000002,2287.5,30615472.0,454177.0,577505.0,5201.0,2989.32,,,
2020-12-09,3094.93,3055.07,2312.5,31046476.0,431004.0,583394.0,5889.0,2997.13,,,
2020-12-10,3094.93,3055.07,2312.5,31517358.0,470882.0,589201.0,5807.0,2997.13,,,
2020-12-11,3096.61,3053.21,2312.5,31989715.0,472357.0,595858.0,6657.0,2998.59,,,
2020-12-12,3093.94,3054.6,2312.5,32434058.0,444343.0,600853.0,4995.0,2996.25,,,
2020-12-13,3101.08,3068.49,2312.5,32814680.0,380622.0,604037.0,3184.0,3002.5,,,
2020-12-14,3160.79,3090.25,2312.5,33234992.0,420312.0,607413.0,3376.0,3054.7400000000002,,,
2020-12-15,3193.66,3090.25,2312.5,33688993.0,454001.0,613213.0,5800.0,3083.48,,,
2020-12-16,3208.46,3099.98,2312.5,34157209.0,468216.0,620565.0,7352.0,3096.45,,,
2020-12-17,3210.43,3098.59,2312.5,34634455.0,477246.0,627390.0,6825.0,3098.18,,,
2020-12-18,3217.58,3098.59,2312.5,35126198.0,491743.0,633238.0,5848.0,3104.43,,,
2020-12-19,3218.77,3100.45,2312.5,35534804.0,408606.0,638703.0,5465.0,3105.48,,,
2020-12-20,3225.02,3110.17,2312.5,35906035.0,371231.0,642067.0,3364.0,3110.95,,,
2020-12-21,3220.98,3097.2,2312.5,36300811.0,394776.0,645704.0,3637.0,3107.4,,,
2020-12-22,3233.13,3097.2,2337.5,36711254.0,410443.0,652360.0,6656.0,3121.17,,,
2020-12-23,3236.7,3102.76,2337.5,37152312.0,441058.0,658971.0,6611.0,3124.3,,,
2020-12-24,3235.21,3098.59,2337.5,37575035.0,422723.0,664674.0,5703.0,3123.0,,,
2020-12-25,3235.21,3098.59,2337.5,37825095.0,250060.0,667661.0,2987.0,3123.0,,,
2020-12-26,3235.21,3098.59,2325.0,38260060.0,434965.0,671485.0,3824.0,3121.44,,,
2020-12-27,3238.07,3098.59,2862.5,38531818.0,271758.0,674332.0,2847.0,3191.1,,,
2020-12-28,3247.17,3098.59,2862.5,38881102.0,349284.0,678117.0,3785.0,3199.07,,,
2020-12-29,3248.6,3098.59,2862.5,39292353.0,411251.0,685267.0,7150.0,3200.32,,,
2020-12-30,3251.2,3089.32,2862.5,39729939.0,437586.0,692955.0,7688.0,3202.62,,,
2020-12-31,3255.01,3093.02,2862.5,40357367.0,627428.0,699436.0,6481.0,3205.96,,,
2021-01-01,3248.7,3080.9700000000003,2862.5,40710996.0,353629.0,703823.0,4387.0,3200.44,,,
2021-01-02,3253.17,3087.91,2862.5,41254989.0,543993.0,708858.0,5035.0,3204.35,,,
2021-01-03,3251.98,3086.06,2850.0,41661219.0,406230.0,711683.0,2825.0,3201.75,,,
2021-01-04,3241.27,3069.4,2850.0,42034514.0,373295.0,715696.0,4013.0,3192.38,,,
2021-01-05,3238.21,3064.31,2850.0,42498302.0,463788.0,722832.0,7136.0,3189.72,,,
2021-01-06,3240.59,3069.87,2850.0,43017645.0,519343.0,730570.0,7738.0,3191.81,,,
2021-01-07,3242.02,3069.87,2850.0,43587429.0,569784.0,738547.0,7977.0,3193.06,,,
2021-01-08,3248.98,3074.04,2850.0,44191240.0,603811.0,746851.0,8304.0,3199.15,,,
2021-01-09,3250.17,3075.9,2850.0,44717565.0,526325.0,753231.0,6380.0,3200.19,,,
2021-01-10,3243.03,3075.9,2850.0,45136740.0,419175.0,757397.0,4166.0,3193.94,,,
2021-01-11,3247.79,3083.31,2850.0,45545856.0,409116.0,761099.0,3702.0,3198.11,,,
2021-01-12,3248.86,3080.53,2862.5,45989624.0,443768.0,769844.0,8745.0,3200.61,,,
2021-01-13,3246.66,3074.51,2862.5,46446851.0,457227.0,777806.0,7962.0,3198.68,,,
2021-01-14,3250.9500000000003,3074.51,2862.5,46916727.0,469876.0,785340.0,7534.0,3202.43,,,
2021-01-15,3252.38,3074.51,2862.5,47403968.0,487241.0,792956.0,7616.0,3203.68,,,
2021-01-16,3252.38,3074.51,2850.0,47837395.0,433427.0,800049.0,7093.0,3202.12,,,
2021-01-17,3254.17,3077.29,2850.0,48188825.0,351430.0,804009.0,3960.0,3203.68,,,
2021-01-18,3260.78,3071.7400000000002,2850.0,48470976.0,282151.0,807167.0,3158.0,3209.46,,,
2021-01-19,3243.71,3044.41,2850.0,48784514.0,313538.0,811972.0,4805.0,3194.51,,,
2021-01-20,3245.14,3044.41,2850.0,49159718.0,375204.0,820748.0,8776.0,3195.76,,,
2021-01-21,3245.14,3044.41,2850.0,49543819.0,384101.0,828933.0,8185.0,3195.76,,,
2021-01-22,3242.16,3039.78,2850.0,49925963.0,382144.0,836458.0,7525.0,3193.16,,,
2021-01-23,3242.16,3039.78,2850.0,50279676.0,353713.0,843496.0,7038.0,3193.16,,,
2021-01-24,3238.58,3034.23,2850.0,50558300.0,278624.0,847146.0,3650.0,3190.04,,,
2021-01-25,3237.87,3028.67,2850.0,50817808.0,259508.0,850702.0,3556.0,3189.42,,,
2021-01-26,3237.51,3025.89,2850.0,51119944.0,302136.0,858657.0,7955.0,3189.11,,,
2021-01-27,3239.89,3024.04,2850.0,51430173.0,310229.0,866776.0,8119.0,3191.19,,,
2021-01-28,3234.23,3017.1,2850.0,51763413.0,333240.0,874379.0,7603.0,3186.25,,,
2021-01-29,3235.06,3016.17,2850.0,52089586.0,326173.0,881496.0,7117.0,3186.98,,,
2021-01-30,3237.44,3016.17,2850.0,52389860.0,300274.0,887197.0,5701.0,3189.06,,,
2021-01-31,3237.44,3016.17,2850.0,52614756.0,224896.0,891053.0,3856.0,3189.06,,,
2021-02-01,3236.4900000000002,3016.17,2850.0,52865903.0,251147.0,894604.0,3551.0,3188.21,,,
2021-02-02,3216.25,2999.05,2850.0,53100623.0,234720.0,901666.0,7062.0,3170.52,,,
2021-02-03,3212.67,2993.5,2850.0,53349419.0,248796.0,909391.0,7725.0,3167.38,,,
2021-02-04,3207.25,2981.47,2850.0,53598457.0,249038.0,917153.0,7762.0,3162.63,,,
2021-02-05,3205.4700000000003,2978.69,2850.0,53859198.0,260741.0,924473.0,7320.0,3161.07,,,
2021-02-06,3205.4700000000003,2978.69,2850.0,54091356.0,232158.0,929920.0,5447.0,3161.07,,,
2021-02-07,3205.4700000000003,2978.69,2850.0,54269198.0,177842.0,932831.0,2911.0,3161.07,,,
2021-02-08,3203.33,2973.14,2850.0,54435279.0,166081.0,935725.0,2894.0,3159.2,,,
2021-02-09,3199.4,2973.14,2850.0,54626451.0,191172.0,941788.0,6063.0,3155.76,,,
2021-02-10,3199.94,2970.36,2850.0,54817767.0,191316.0,948507.0,6719.0,3156.23,,,
2021-02-11,3199.35,2969.44,2850.0,55029957.0,212190.0,954824.0,6317.0,3155.72,,,
2021-02-12,3198.1,2962.4900000000002,2850.0,55228813.0,198856.0,960503.0,5679.0,3154.63,,,
2021-02-13,3199.29,2962.4900000000002,2850.0,55409078.0,180265.0,964997.0,4494.0,3155.67,,,
2021-02-14,3199.29,2962.4900000000002,2850.0,55545164.0,136086.0,967295.0,2298.0,3155.67,,,
2021-02-15,3194.53,2954.15,2837.5,55657276.0,112112.0,969188.0,1893.0,3149.94,,,
2021-02-16,3199.53,2956.0,2837.5,55776460.0,119184.0,972470.0,3282.0,3154.32,,,
2021-02-17,3192.39,2944.89,2837.5,55914340.0,137880.0,977278.0,4808.0,3148.07,,,
2021-02-18,3195.2400000000002,2944.89,2837.5,56058792.0,144452.0,982384.0,5106.0,3150.57,,,
2021-02-19,3187.51,2936.56,2837.5,56208409.0,149617.0,987405.0,5021.0,3143.79,,,
2021-02-20,3187.51,2936.56,2837.5,56355144.0,146735.0,991221.0,3816.0,3143.79,,,
2021-02-21,3183.93,2931.01,2837.5,56465455.0,110311.0,993617.0,2396.0,3140.66,,,
2021-02-22,3186.49,2933.33,2862.5,56577426.0,111971.0,996033.0,2416.0,3146.01,,,
2021-02-23,3186.79,2928.2400000000002,2862.5,56724887.0,147461.0,1000550.0,4517.0,3146.27,,,
2021-02-24,3188.22,2928.2400000000002,2862.5,56874846.0,149959.0,1006963.0,6413.0,3147.52,,,
2021-02-25,3189.65,2928.2400000000002,2862.5,57028899.0,154053.0,1011782.0,4819.0,3148.77,,,
2021-02-26,3178.81,2910.65,2837.5,57178543.0,149644.0,1016037.0,4255.0,3136.16,,,
2021-02-27,3180.24,2910.65,2837.5,57319970.0,141427.0,1019053.0,3016.0,3137.41,,,
2021-02-28,3176.67,2908.79,2837.5,57423018.0,103048.0,1021221.0,2168.0,3134.29,,,
2021-03-01,3160.84,2885.63,2850.0,57523046.0,100028.0,1023854.0,2633.0,3122.01,,,
2021-03-02,3159.64,2876.38,2850.0,57640185.0,117139.0,1027679.0,3825.0,3120.96,,,
2021-03-03,3157.67,2866.66,2850.0,57774331.0,134146.0,1032719.0,5040.0,3119.24,,,
2021-03-04,3156.72,2862.95,2850.0,57911170.0,136839.0,1036564.0,3845.0,3118.41,,,
2021-03-05,3149.58,2853.69,2850.0,58045378.0,134208.0,1039989.0,3425.0,3112.16,,,
2021-03-06,3149.58,2853.69,2850.0,58166593.0,121215.0,1043026.0,3037.0,3112.16,,,
2021-03-07,3149.58,2853.69,2850.0,58249678.0,83085.0,1044428.0,1402.0,3112.16,,,
2021-03-08,3139.82,2834.26,2850.0,58339279.0,89601.0,1045862.0,1434.0,3103.6,,,
2021-03-09,3141.97,2828.7,2850.0,58450306.0,111027.0,1049377.0,3515.0,3105.48,,,
2021-03-10,3130.89,2809.72,2825.0,58565616.0,115310.0,1052451.0,3074.0,3092.68,,,
2021-03-11,3125.89,2804.17,2825.0,58688794.0,123178.0,1055528.0,3077.0,3088.29,,,
2021-03-12,3113.01,2795.25,2825.0,58813158.0,124364.0,1058368.0,2840.0,3077.0,,,
2021-03-13,3112.9900000000002,2795.25,2825.0,58925468.0,112310.0,1060304.0,1936.0,3076.9900000000002,,,
2021-03-14,3112.96,2795.21,2812.5,59002396.0,76928.0,1061331.0,1027.0,3075.4,,,
2021-03-15,3114.21,2784.56,2800.0,59105311.0,102915.0,1062739.0,1408.0,3074.93,,,
2021-03-16,3105.14,2766.05,2825.0,59215392.0,110081.0,1065243.0,2504.0,3070.1,,,
2021-03-17,3107.99,2766.04,2825.0,59335050.0,119658.0,1067631.0,2388.0,3072.6,,,
2021-03-18,3107.03,2766.03,2825.0,59459105.0,124055.0,1070889.0,3258.0,3071.75,,,
2021-03-19,3099.86,2754.88,2825.0,59580694.0,121589.0,1072932.0,2043.0,3065.4700000000003,,,
2021-03-20,3104.01,2761.34,2825.0,59696856.0,116162.0,1074470.0,1538.0,3069.1,,,
2021-03-21,3096.26,2752.9700000000003,2825.0,59767371.0,70515.0,1075884.0,1414.0,3062.31,,,
2021-03-22,3100.11,2746.48,2825.0,59864010.0,96639.0,1076990.0,1106.0,3065.69,,,
2021-03-23,3098.29,2741.84,2825.0,59969371.0,105361.0,1078878.0,1888.0,3064.12,,,
2021-03-24,3092.81,2732.56,2825.0,60144963.0,175592.0,1081799.0,2921.0,3059.33,,,
2021-03-25,3092.61,2728.37,2825.0,60279484.0,134521.0,1084486.0,2687.0,3059.14,,,
2021-03-26,3095.45,2728.35,2825.0,60431357.0,151873.0,1086794.0,2308.0,3061.63,,,
2021-03-27,3100.66,2728.31,2825.0,60558621.0,127264.0,1088401.0,1607.0,3066.19,,,
2021-03-28,3099.44,2726.42,2825.0,60650770.0,92149.0,1089285.0,884.0,3065.13,,,
2021-03-29,3123.18,2730.06,2825.0,60783669.0,132899.0,1090557.0,1272.0,3085.88,,,
2021-03-30,3129.35,2726.34,2587.5,60907964.0,124295.0,1092340.0,1783.0,3061.59,,,
2021-03-31,3131.3,2726.3,2587.5,61046419.0,138455.0,1094477.0,2137.0,3063.29,,,
2021-04-01,3123.76,2715.15,2587.5,61199582.0,153163.0,1096674.0,2197.0,3056.7,,,
2021-04-02,3073.63,2632.7200000000003,2587.5,61346550.0,146968.0,1098451.0,1777.0,3012.86,,,
2021-04-03,3066.17,2623.88,2587.5,61474893.0,128343.0,1099963.0,1512.0,3006.33,,,
2021-04-04,3067.29,2625.69,2587.5,61550193.0,75300.0,1100584.0,621.0,3007.31,,,
2021-04-05,3084.79,2604.37,2587.5,61686513.0,136320.0,1101509.0,925.0,3022.61,,,
2021-04-06,3074.51,2576.7400000000002,2600.0,61813078.0,126565.0,1103168.0,1659.0,3015.18,,,
2021-04-07,3080.16,2576.66,2600.0,61964149.0,151071.0,1108370.0,5202.0,3020.13,,,
2021-04-08,3071.17,2562.67,2600.0,62122729.0,158580.0,1110391.0,2021.0,3012.27,,,
2021-04-09,3058.01,2545.53,2600.0,62290132.0,167403.0,1112191.0,1800.0,3000.73,,,
2021-04-10,3056.01,2541.59,2600.0,62429813.0,139681.0,1113709.0,1518.0,2998.9900000000002,,,
2021-04-11,3054.07,2538.63,2600.0,62523355.0,93542.0,1114292.0,583.0,2997.28,,,
2021-04-12,3053.66,2539.39,2600.0,62648709.0,125354.0,1115191.0,899.0,2996.93,,,
2021-04-13,3061.39,2527.85,2600.0,62809106.0,160397.0,1116907.0,1716.0,3003.71,,,
2021-04-14,3061.23,2527.62,2600.0,62958402.0,149296.0,1118773.0,1866.0,3003.57,,,
2021-04-15,3065.07,2524.68,2600.0,63105899.0,147497.0,1120586.0,1813.0,3006.91,,,
2021-04-16,3053.03,2505.95,2600.0,63269788.0,163889.0,1122317.0,1731.0,2996.38,,,
2021-04-17,3052.98,2505.85,2600.0,63379370.0,109582.0,1123729.0,1412.0,2996.34,,,
2021-04-18,3052.12,2500.11,2600.0,63465658.0,86288.0,1124422.0,693.0,2995.6,,,
2021-04-19,3065.85,2495.35,2600.0,63584286.0,118628.0,1125407.0,985.0,3007.6,,,
2021-04-20,3066.34,2496.13,2600.0,63708350.0,124064.0,1127070.0,1663.0,3008.01,,,
2021-04-21,3040.68,2456.22,2600.0,63837231.0,128881.0,1128852.0,1782.0,2985.57,,,
2021-04-22,3041.16,2457.02,2600.0,63968397.0,131166.0,1130726.0,1874.0,2985.9900000000002,,,
2021-04-23,3038.09,2455.03,2600.0,64092665.0,124268.0,1132235.0,1509.0,2983.3,,,
2021-04-24,3036.21,2452.09,2600.0,64200222.0,107557.0,1133734.0,1499.0,2981.65,,,
2021-04-25,3036.71,2449.18,2600.0,64268290.0,68068.0,1134351.0,617.0,2982.1,,,
2021-04-26,3015.8,2437.91,2600.0,64354058.0,85768.0,1135299.0,948.0,2963.79,,,
2021-04-27,3024.65,2432.73,2600.0,64457777.0,103719.0,1136625.0,1326.0,2971.54,,,
2021-04-28,3021.88,2432.61,2600.0,64569184.0,111407.0,1138582.0,1957.0,2969.12,,,
2021-04-29,3020.02,2429.72,2600.0,64683782.0,114598.0,1140343.0,1761.0,2967.4700000000003,,,
2021-04-30,3011.29,2425.87,2600.0,64798697.0,114915.0,1141944.0,1601.0,2959.83,,,
2021-05-01,2983.5,2382.65,2600.0,64894375.0,95678.0,1143439.0,1495.0,2935.52,,,
2021-05-02,2985.2,2382.51,2600.0,64955082.0,60707.0,1144083.0,644.0,2936.9900000000002,,,
2021-05-03,2975.31,2369.9,2600.0,65045410.0,90328.0,1145047.0,964.0,2928.34,,,
2021-05-04,2958.86,2354.04,2600.0,65130635.0,85225.0,1146780.0,1733.0,2913.97,,,
2021-05-05,2956.34,2352.08,2575.0,65222092.0,91457.0,1148396.0,1616.0,2908.62,,,
2021-05-06,2958.32,2357.52,2575.0,65313450.0,91358.0,1149980.0,1584.0,2910.35,,,
2021-05-07,2961.77,2364.29,2575.0,65409238.0,95788.0,1151484.0,1504.0,2913.34,,,
2021-05-08,2958.1,2358.62,2575.0,65478744.0,69506.0,1152757.0,1273.0,2910.14,,,
2021-05-09,2953.37,2351.14,2587.5,65523935.0,45191.0,1153281.0,524.0,2907.6,,,
2021-05-10,2948.51,2349.18,2587.5,65589362.0,65427.0,1154075.0,794.0,2903.34,,,
2021-05-11,2933.47,2324.4,2550.0,65659925.0,70563.0,1155435.0,1360.0,2888.6,,,
2021-05-12,2934.58,2322.49,2550.0,65731688.0,71763.0,1156939.0,1504.0,2889.6,,,
2021-05-13,2935.39,2326.07,2550.0,65807111.0,75423.0,1158424.0,1485.0,2890.31,,,
2021-05-14,2926.0,2314.45,2550.0,65890041.0,82930.0,1159675.0,1251.0,2882.1,,,
2021-05-15,2926.2,2306.86,2550.0,65950744.0,60703.0,1160719.0,1044.0,2882.24,,,
2021-05-16,2920.48,2307.73,2550.0,65985695.0,34951.0,1161255.0,536.0,2877.25,,,
2021-05-17,2916.3,2305.44,2537.5,66036684.0,50989.0,1162052.0,797.0,2872.06,,,
2021-05-18,2894.52,2284.11,2537.5,66094654.0,57970.0,1163607.0,1555.0,2853.02,,,
2021-05-19,2897.86,2280.61,2537.5,66152697.0,58043.0,1164906.0,1299.0,2855.93,,,
2021-05-20,2897.7400000000002,2280.48,2512.5,66212489.0,59792.0,1166269.0,1363.0,2852.7,,,
2021-05-21,2879.47,2254.91,2512.5,66269569.0,57080.0,1167468.0,1199.0,2836.71,,,
2021-05-22,2879.38,2254.8,2512.5,66311209.0,41640.0,1168443.0,975.0,2836.61,,,
2021-05-23,2880.49,2256.6,2487.5,66338494.0,27285.0,1168851.0,408.0,2834.49,,,
2021-05-24,2852.15,2237.09,2487.5,66382731.0,44237.0,1169727.0,876.0,2809.67,,,
2021-05-25,2866.67,2236.09,2487.5,66430297.0,47566.0,1171002.0,1275.0,2822.4,,,
2021-05-26,2866.62,2236.04,2487.5,66478918.0,48621.0,1172966.0,1964.0,2822.36,,,
2021-05-27,2866.56,2236.0,2487.5,66531792.0,52874.0,1175660.0,2694.0,2822.3,,,
2021-05-28,2841.98,2202.96,2487.5,66575514.0,43722.0,1176724.0,1064.0,2800.84,,,
2021-05-29,2830.0,2184.35,2487.5,66601368.0,25854.0,1177378.0,654.0,2790.34,,,
2021-05-30,2829.06,2184.29,2487.5,66615776.0,14408.0,1177674.0,296.0,2789.53,,,
2021-05-31,2821.64,2174.57,2487.5,66628296.0,12520.0,1178032.0,358.0,2783.0099999999998,,,
2021-06-01,2770.75,2108.74,2462.5,66670438.0,42142.0,1179312.0,1280.0,2735.33,,,
2021-06-02,2751.36,2081.86,2462.5,66703496.0,33058.0,1180430.0,1118.0,2718.36,,,
2021-06-03,2749.52,2079.04,2512.5,66739361.0,35865.0,1181689.0,1259.0,2719.87,,,
2021-06-04,2748.87,2068.8,2512.5,66774346.0,34985.0,1182722.0,1033.0,2719.3,,,
2021-06-05,2750.35,2072.99,2512.5,66804572.0,30226.0,1183888.0,1166.0,2720.6,,,
2021-06-06,2744.75,2072.9,2512.5,66816300.0,11728.0,1184227.0,339.0,2715.67,,,
2021-06-07,2741.65,2075.6,2512.5,66844616.0,28316.0,1184844.0,617.0,2712.98,,,
2021-06-08,2742.14,2075.52,2512.5,66870174.0,25558.0,1185460.0,616.0,2713.4,,,
2021-06-09,2736.12,2069.92,2512.5,66906535.0,36361.0,1186410.0,950.0,2708.15,,,
2021-06-10,2736.05,2069.87,2512.5,66935521.0,28986.0,1187215.0,805.0,2708.1,,,
2021-06-11,2723.06,2052.2,2512.5,66984368.0,48847.0,1188262.0,1047.0,2696.72,,,
2021-06-12,2722.95,2052.1,2512.5,67001969.0,17601.0,1188798.0,536.0,2696.62,,,
2021-06-13,2718.65,2048.33,2512.5,67011962.0,9993.0,1189022.0,224.0,2692.85,,,
2021-06-14,2722.02,2056.7,2512.5,67035713.0,23751.0,1189393.0,371.0,2695.78,,,
2021-06-15,2690.82,2007.3,2512.5,67056975.0,21262.0,1190036.0,643.0,2668.5,,,
2021-06-16,2691.15,2007.87,2512.5,67080425.0,23450.0,1190801.0,765.0,2668.8,,,
2021-06-17,2691.03,2007.78,2512.5,67103359.0,22934.0,1191399.0,598.0,2668.69,,,
2021-06-18,2689.75,2005.84,2512.5,67145229.0,41870.0,1192599.0,1200.0,2667.6,,,
2021-06-19,2689.66,2005.77,2512.5,67162947.0,17718.0,1192938.0,339.0,2667.51,,,
2021-06-20,2688.4,2003.84,2500.0,67172757.0,9810.0,1193096.0,158.0,2664.83,,,
2021-06-21,2685.9700000000003,2000.1,2500.0,67194171.0,21414.0,1193611.0,515.0,2662.72,,,
2021-06-22,2674.7400000000002,1983.38,2450.0,67215649.0,21478.0,1194299.0,688.0,2646.63,,,
2021-06-23,2673.52,1981.47,2450.0,67240610.0,24961.0,1195070.0,771.0,2645.56,,,
2021-06-24,2668.66,1977.72,2437.5,67268907.0,28297.0,1195751.0,681.0,2639.76,,,
2021-06-25,2663.26,1969.32,2437.5,67317891.0,48984.0,1196806.0,1055.0,2634.98,,,
2021-06-26,2660.78,1965.54,2437.5,67335957.0,18066.0,1197128.0,322.0,2632.85,,,
2021-06-27,2660.65,1965.41,2437.5,67345220.0,9263.0,1197277.0,149.0,2632.74,,,
2021-06-28,2646.93,1962.59,2400.0,67372740.0,27520.0,1197594.0,317.0,2617.61,,,
2021-06-29,2655.79,1957.9,2412.5,67387779.0,15039.0,1198250.0,656.0,2625.37,,,
2021-06-30,2637.57,1925.9,2387.5,67418281.0,30502.0,1198850.0,600.0,2606.28,,,
2021-07-01,2631.05,1914.28,2362.5,67448062.0,29781.0,1199415.0,565.0,2597.46,,,
2021-07-02,2631.59,1915.15,2362.5,67507211.0,59149.0,1200283.0,868.0,2597.95,,,
2021-07-03,2631.53,1915.11,2362.5,67517673.0,10462.0,1200449.0,166.0,2597.87,,,
2021-07-04,2629.04,1911.24,2362.5,67526133.0,8460.0,1200529.0,80.0,2595.71,,,
2021-07-05,2632.34,1909.41,2362.5,67544455.0,18322.0,1200771.0,242.0,2598.59,,,
2021-07-06,2630.2400000000002,1907.54,2362.5,67589472.0,45017.0,1201381.0,610.0,2596.73,,,
2021-07-07,2631.39,1909.36,2362.5,67629688.0,40216.0,1202030.0,649.0,2597.76,,,
2021-07-08,2616.43,1886.15,2375.0,67671339.0,41651.0,1202532.0,502.0,2586.22,,,
2021-07-09,2614.0,1886.11,2375.0,67765197.0,93858.0,1203454.0,922.0,2584.09,,,
2021-07-10,2615.13,1884.22,2375.0,67785093.0,19896.0,1203610.0,156.0,2585.11,,,
2021-07-11,2616.9,1886.95,2350.0,67808474.0,23381.0,1203851.0,241.0,2583.52,,,
2021-07-12,2610.92,1883.24,2325.0,67867722.0,59248.0,1204321.0,470.0,2575.17,,,
2021-07-13,2603.77,1872.1,2325.0,67920599.0,52877.0,1205034.0,713.0,2568.92,,,
2021-07-14,2607.31,1877.62,2325.0,67982740.0,62141.0,1205686.0,652.0,2571.99,,,
2021-07-15,2607.29,1877.57,2312.5,68046449.0,63709.0,1206397.0,711.0,2570.4,,,
2021-07-16,2606.04,1877.54,2287.5,68202289.0,155840.0,1207303.0,906.0,2566.19,,,
2021-07-17,2606.01,1877.5,2287.5,68230162.0,27873.0,1207446.0,143.0,2566.16,,,
2021-07-18,2600.03,1871.9099999999999,2287.5,68270667.0,40505.0,1207636.0,190.0,2560.93,,,
2021-07-19,2613.29,1862.8799999999999,2287.5,68368937.0,98270.0,1208030.0,394.0,2572.54,,,
2021-07-20,2613.2400000000002,1855.9199999999998,2275.0,68448654.0,79717.0,1208606.0,576.0,2570.98,,,
2021-07-21,2613.22,1855.8799999999999,2275.0,68544175.0,95521.0,1209331.0,725.0,2570.94,,,
2021-07-22,2613.17,1855.83,2275.0,68656291.0,112116.0,1209904.0,573.0,2570.9,,,
2021-07-23,2614.35,1855.79,2275.0,68897548.0,241257.0,1211006.0,1102.0,2571.94,,,
2021-07-24,2614.33,1855.76,2275.0,68955682.0,58134.0,1211277.0,271.0,2571.91,,,
2021-07-25,2611.9,1857.58,2275.0,69012638.0,56956.0,1211481.0,204.0,2569.82,,,
2021-07-26,2610.37,1860.33,2262.5,69169946.0,157308.0,1211980.0,499.0,2566.92,,,
2021-07-27,2607.97,1856.62,2300.0,69299837.0,129891.0,1212890.0,910.0,2569.5,,,
2021-07-28,2602.59,1853.8,2300.0,69446530.0,146693.0,1213653.0,763.0,2564.78,,,
2021-07-29,2600.47,1851.8999999999999,2300.0,69590735.0,144205.0,1214288.0,635.0,2562.94,,,
2021-07-30,2599.55,1851.8799999999999,2300.0,69972910.0,382175.0,1216057.0,1769.0,2562.12,,,
2021-07-31,2599.51,1851.81,2275.0,70060723.0,87813.0,1216405.0,348.0,2558.96,,,
2021-08-01,2603.48,1857.33,2000.0,70150733.0,90010.0,1216868.0,463.0,2528.07,,,
2021-08-02,2599.86,1857.31,2000.0,70365944.0,215211.0,1217548.0,680.0,2524.94,,,
2021-08-03,2599.84,1857.29,2275.0,70561399.0,195455.0,1218716.0,1168.0,2559.29,,,
2021-08-04,2600.36,1858.12,2275.0,70765240.0,203841.0,1219803.0,1087.0,2559.76,,,
2021-08-05,2596.94,1854.1699999999998,2275.0,70984031.0,218791.0,1220852.0,1049.0,2556.73,,,
2021-08-06,2589.7400000000002,1848.59,2275.0,71486468.0,502437.0,1223106.0,2254.0,2550.44,,,
2021-08-07,2589.7,1848.54,2275.0,71613195.0,126727.0,1223633.0,527.0,2550.41,,,
2021-08-08,2589.96,1850.34,2275.0,71683734.0,70539.0,1223901.0,268.0,2550.63,,,
2021-08-09,2588.76,1848.47,2275.0,72000425.0,316691.0,1224922.0,1021.0,2549.57,,,
2021-08-10,2597.02,1866.94,2275.0,72236249.0,235824.0,1226583.0,1661.0,2556.85,,,
2021-08-11,2597.6,1870.62,2275.0,72544181.0,307932.0,1228176.0,1593.0,2557.34,,,
2021-08-12,2598.4,1870.57,2275.0,72830351.0,286170.0,1230230.0,2054.0,2558.02,,,
2021-08-13,2597.39,1867.6299999999999,2275.0,73283115.0,452764.0,1232341.0,2111.0,2557.13,,,
2021-08-14,2598.51,1869.3799999999999,2275.0,73430378.0,147263.0,1232877.0,536.0,2558.13,,,
2021-08-15,2474.38,1680.4099999999999,2275.0,73525354.0,94976.0,1233304.0,427.0,2449.51,,,
2021-08-16,2471.58,1669.12,2275.0,73911965.0,386611.0,1235373.0,2069.0,2447.08,,,
2021-08-17,2471.25,1664.92,2275.0,74213623.0,301658.0,1237405.0,2032.0,2446.77,,,
2021-08-18,2468.82,1661.1499999999999,2275.0,74547632.0,334009.0,1239802.0,2397.0,2444.64,,,
2021-08-19,2471.42,1661.06,2275.0,74856869.0,309237.0,1243356.0,3554.0,2446.95,,,
2021-08-20,2472.55,1662.84,2275.0,75333549.0,476680.0,1246269.0,2913.0,2447.91,,,
2021-08-21,2473.72,1664.65,2275.0,75519699.0,186150.0,1247404.0,1135.0,2448.93,,,
2021-08-22,2476.32,1670.11,2275.0,75609519.0,89820.0,1247832.0,428.0,2451.2,,,
2021-08-23,2483.38,1678.34,2275.0,76021860.0,412341.0,1250483.0,2651.0,2457.38,,,
2021-08-24,2484.35,1681.23,2250.0,76330919.0,309059.0,1253325.0,2842.0,2455.1,,,
2021-08-25,2484.21,1685.1799999999998,2250.0,76687832.0,356913.0,1256431.0,3106.0,2454.99,,,
2021-08-26,2483.24,1685.09,1950.0,77054229.0,366397.0,1260847.0,4416.0,2416.61,,,
2021-08-27,2486.14,1686.84,1950.0,77529984.0,475755.0,1264308.0,3461.0,2419.15,,,
2021-08-28,2484.85,1684.87,1950.0,77689467.0,159483.0,1265605.0,1297.0,2418.02,,,
2021-08-29,2484.79,1684.77,1950.0,77795048.0,105581.0,1266253.0,648.0,2417.97,,,
2021-08-30,2486.23,1688.4099999999999,1962.5,78250888.0,455840.0,1269649.0,3396.0,2420.78,,,
2021-08-31,2485.29,1681.8799999999999,1962.5,78609872.0,358984.0,1272522.0,2873.0,2419.96,,,
2021-09-01,2487.45,1685.33,1962.5,78990360.0,380488.0,1276607.0,4085.0,2421.89,,,
2021-09-02,2486.7,1682.81,1962.5,79348177.0,357817.0,1282630.0,6023.0,2421.22,,,
2021-09-03,2486.61,1682.6599999999999,1962.5,79816935.0,468758.0,1286490.0,3860.0,2421.12,,,
2021-09-04,2486.54,1682.57,1912.5,79990851.0,173916.0,1287785.0,1295.0,2414.81,,,
2021-09-05,2482.96,1682.57,1475.0,80119531.0,128680.0,1288627.0,842.0,2356.96,,,
2021-09-06,2482.95,1682.56,1412.5,80299142.0,179611.0,1289839.0,1212.0,2349.15,,,
2021-09-07,2486.38,1687.93,1412.5,80719601.0,420459.0,1294020.0,4181.0,2352.14,,,
2021-09-08,2481.58,1680.44,1412.5,81074012.0,354411.0,1298637.0,4617.0,2347.94,,,
2021-09-09,2481.81,1680.34,1412.5,81406348.0,332336.0,1305074.0,6437.0,2348.15,,,
2021-09-10,2481.7,1680.23,1412.5,81889329.0,482981.0,1309973.0,4899.0,2348.08,,,
2021-09-11,2481.63,1680.1299999999999,1412.5,82069654.0,180325.0,1311646.0,1673.0,2348.02,,,
2021-09-12,2482.45,1680.02,1412.5,82168376.0,98722.0,1312405.0,759.0,2348.7400000000002,,,
2021-09-13,2472.29,1669.79,1425.0,82584081.0,415705.0,1316704.0,4299.0,2341.38,,,
2021-09-14,2467.75,1660.44,1412.5,82874425.0,290344.0,1320535.0,3831.0,2335.85,,,
2021-09-15,2469.29,1662.7,1412.5,83220504.0,346079.0,1325989.0,5454.0,2337.2200000000003,,,
2021-09-16,2467.68,1662.45,1412.5,83537109.0,316605.0,1332961.0,6972.0,2335.78,,,
2021-09-17,2470.28,1662.35,1412.5,83957962.0,420853.0,1337853.0,4892.0,2338.06,,,
2021-09-18,2470.19,1662.23,1412.5,84109971.0,152009.0,1339859.0,2006.0,2337.9900000000002,,,
2021-09-19,2470.14,1662.17,1412.5,84201619.0,91648.0,1340663.0,804.0,2337.95,,,
2021-09-20,2470.7400000000002,1663.11,1362.5,84540337.0,338718.0,1345273.0,4610.0,2332.23,,,
2021-09-21,2472.79,1661.24,1387.5,84783521.0,243184.0,1350158.0,4885.0,2337.14,,,
2021-09-22,2472.72,1661.09,1387.5,85046605.0,263084.0,1355529.0,5371.0,2337.08,,,
2021-09-23,2472.63,1661.0,1387.5,85304297.0,257692.0,1362139.0,6610.0,2337.0,,,
2021-09-24,2472.57,1660.93,1400.0,85653149.0,348852.0,1367101.0,4962.0,2338.54,,,
2021-09-25,2471.62,1660.84,1400.0,85776487.0,123338.0,1368799.0,1698.0,2337.68,,,
2021-09-26,2472.77,1660.77,1400.0,85887477.0,110990.0,1369974.0,1175.0,2338.7,,,
2021-09-27,2470.37,1661.2,1400.0,86195160.0,307683.0,1374480.0,4506.0,2336.62,,,
2021-09-28,2472.42,1661.17,1412.5,86421179.0,226019.0,1379503.0,5023.0,2339.94,,,
2021-09-29,2472.39,1661.1,1412.5,86664804.0,243625.0,1384780.0,5277.0,2339.91,,,
2021-09-30,2472.34,1661.04,1387.5,86884638.0,219834.0,1390432.0,5652.0,2336.75,64.8,57.32,1.89
2021-10-01,2470.52,1658.19,1387.5,87194151.0,309513.0,1394689.0,4257.0,2335.14,64.9,57.43,2.09
2021-10-02,2470.46,1658.12,1387.5,87293307.0,99156.0,1396385.0,1696.0,2335.1,64.95,57.5,2.17
2021-10-03,2473.96,1658.05,1387.5,87385541.0,92234.0,1397468.0,1083.0,2338.17,64.98,57.54,2.21
2021-10-04,2473.33,1657.06,1362.5,87666723.0,281182.0,1401316.0,3848.0,2334.51,65.05,57.61,2.36
2021-10-05,2473.32,1657.02,1362.5,87857500.0,190777.0,1405093.0,3777.0,2334.46,65.13,57.69,2.52
2021-10-06,2472.96,1655.12,1362.5,88082344.0,224844.0,1410408.0,5315.0,2334.2,65.2,57.77,2.68
2021-10-07,2472.04,1655.06,1375.0,88284127.0,201783.0,1415349.0,4941.0,2334.94,65.28,57.85,2.84
2021-10-08,2473.75,1657.79,1375.0,88545130.0,261003.0,1418948.0,3599.0,2336.46,65.36,57.95,3.01
2021-10-09,2473.7,1657.72,1375.0,88625648.0,80518.0,1419848.0,900.0,2336.41,65.41,58.0,3.08
2021-10-10,2470.13,1652.1599999999999,1375.0,88707376.0,81728.0,1420832.0,984.0,2333.28,65.44,58.03,3.12
2021-10-11,2469.75,1649.28,1425.0,88892984.0,185608.0,1423190.0,2358.0,2339.19,65.5,58.1,3.24
2021-10-12,2475.64,1651.93,1400.0,89114560.0,221576.0,1427775.0,4585.0,2341.22,65.57,58.17,3.39
2021-10-13,2477.98,1655.6,1400.0,89331178.0,216618.0,1434137.0,6362.0,2343.28,65.64,58.24,3.53
2021-10-14,2477.92,1655.5,1400.0,89503050.0,171872.0,1438511.0,4374.0,2343.22,65.71,58.31,3.67
2021-10-15,2477.83,1655.3799999999999,1400.0,89720518.0,217468.0,1442149.0,3638.0,2343.14,65.79,58.39,3.83
2021-10-16,2477.77,1655.31,1400.0,89803022.0,82504.0,1443343.0,1194.0,2343.11,65.83,58.44,3.9
2021-10-17,2477.74,1655.26,1387.5,89869319.0,66297.0,1444301.0,958.0,2341.49,65.86,58.46,3.93
2021-10-18,2478.33,1656.15,1362.5,90062359.0,193040.0,1447832.0,3531.0,2338.85,65.92,58.53,4.05
2021-10-19,2475.02,1652.37,1362.5,90227383.0,165024.0,1451761.0,3929.0,2335.95,65.98,58.59,4.19
2021-10-20,2474.98,1652.34,1362.5,90411754.0,184371.0,1458135.0,6374.0,2335.93,66.04,58.64,4.32
2021-10-21,2474.95,1652.31,1362.5,90566058.0,154304.0,1462169.0,4034.0,2335.9,66.11,58.71,4.47
2021-10-22,2474.87,1652.18,1362.5,90757778.0,191720.0,1465910.0,3741.0,2335.83,66.19,58.78,4.72
2021-10-23,2474.84,1652.12,1362.5,90826128.0,68350.0,1467055.0,1145.0,2335.8,66.25,58.82,4.88
2021-10-24,2474.79,1652.07,1362.5,90867924.0,41796.0,1467614.0,559.0,2335.77,66.28,58.84,4.97
2021-10-25,2475.95,1648.33,1387.5,91086742.0,218818.0,1470546.0,2932.0,2339.93,66.37,58.91,5.28
2021-10-26,2472.63,1644.59,1387.5,91221783.0,135041.0,1473755.0,3209.0,2337.04,66.46,58.97,5.61
2021-10-27,2465.47,1633.42,1387.5,91426564.0,204781.0,1477876.0,4121.0,2330.7400000000002,66.55,59.03,5.95
2021-10-28,2465.44,1633.36,1387.5,91575358.0,148794.0,1481584.0,3708.0,2330.71,66.64,59.09,6.29
2021-10-29,2461.84,1627.77,1387.5,91764764.0,189406.0,1485048.0,3464.0,2327.53,66.73,59.17,6.66
2021-10-30,2461.78,1627.69,1387.5,91837118.0,72354.0,1485843.0,795.0,2327.5,66.78,59.2,6.83
2021-10-31,2461.73,1627.6299999999999,1387.5,91905031.0,67913.0,1486357.0,514.0,2327.47,66.81,59.22,6.91
2021-11-01,2462.9,1623.9,1350.0,92124650.0,219619.0,1488859.0,2502.0,2323.81,66.9,59.28,7.22
2021-11-02,2459.89,1619.26,1350.0,92264509.0,139859.0,1491437.0,2578.0,2321.19,66.98,59.34,7.53
2021-11-03,2459.88,1619.2,1350.0,92437831.0,173322.0,1495411.0,3974.0,2321.14,67.08,59.4,7.86
2021-11-04,2457.02,1614.67,1350.0,92600099.0,162268.0,1497808.0,2397.0,2318.66,67.18,59.46,8.2
2021-11-05,2456.1,1614.61,1350.0,92794143.0,194044.0,1502054.0,4246.0,2317.87,67.32,59.53,8.58
2021-11-06,2454.78,1612.58,1350.0,92868391.0,74248.0,1503063.0,1009.0,2316.71,67.44,59.56,8.74
2021-11-07,2454.75,1612.52,1350.0,92946226.0,77835.0,1503520.0,457.0,2316.65,67.51,59.59,8.82
2021-11-08,2387.52,1509.32,1350.0,93160789.0,214563.0,1505944.0,2424.0,2257.86,67.65,59.64,9.07
2021-11-09,2401.15,1525.54,1350.0,93320454.0,159665.0,1508841.0,2897.0,2269.79,67.8,59.69,9.37
2021-11-10,2403.05,1531.71,1350.0,93510661.0,190207.0,1512231.0,3390.0,2271.4,67.98,59.74,9.68
2021-11-11,2404.33,1533.69,1350.0,93625680.0,115019.0,1514028.0,1797.0,2272.51,68.14,59.79,9.96
2021-11-12,2404.53,1535.1100000000001,1350.0,93913535.0,287855.0,1518930.0,4902.0,2272.71,68.33,59.85,10.31
2021-11-13,2403.04,1532.78,1350.0,94005765.0,92230.0,1520127.0,1197.0,2271.41,68.5,59.88,10.48
2021-11-14,2400.55,1528.89,1325.0,94073376.0,67611.0,1520587.0,460.0,2266.07,68.57,59.9,10.56
2021-11-15,2400.42,1534.25,1350.0,94335471.0,262095.0,1523157.0,2570.0,2269.1,68.71,59.95,10.85
2021-11-16,2395.37,1531.94,1350.0,94511371.0,175900.0,1525798.0,2641.0,2264.69,68.85,60.0,11.16
2021-11-17,2395.17,1531.65,1325.0,94736227.0,224856.0,1529133.0,3335.0,2261.4,69.01,60.05,11.5
2021-11-18,2397.08,1533.19,1325.0,94953099.0,216872.0,1531807.0,2674.0,2263.03,69.16,60.1,11.84
2021-11-19,2394.55,1532.9,1325.0,95205400.0,252301.0,1535345.0,3538.0,2260.82,69.33,60.16,12.24
2021-11-20,2394.35,1532.57,1325.0,95299502.0,94102.0,1536294.0,949.0,2260.65,69.47,60.19,12.44
2021-11-21,2386.18,1524.98,1325.0,95382377.0,82875.0,1536789.0,495.0,2253.5,69.53,60.21,12.56
2021-11-22,2384.97,1524.08,1325.0,95664247.0,281870.0,1539287.0,2498.0,2252.45,69.68,60.26,12.92
2021-11-23,2384.25,1522.98,1325.0,95847386.0,183139.0,1542004.0,2717.0,2251.79,69.83,60.31,13.26
2021-11-24,2382.29,1522.62,1325.0,96069943.0,222557.0,1545398.0,3394.0,2250.11,69.95,60.36,13.52
2021-11-25,2382.29,1522.62,1325.0,96144454.0,74511.0,1546368.0,970.0,2250.11,69.95,60.36,13.52
2021-11-26,2382.29,1522.62,1325.0,96253673.0,109219.0,1547146.0,778.0,2250.11,70.05,60.41,13.74
2021-11-27,2489.14,1688.88,1325.0,96310380.0,56707.0,1547818.0,672.0,2343.58,70.11,60.47,13.89
2021-11-28,2486.76,1688.87,1325.0,96400406.0,90026.0,1548371.0,553.0,2341.5,70.15,60.52,13.98
2021-11-29,2485.21,1683.76,1325.0,96770613.0,370207.0,1552206.0,3835.0,2340.17,70.26,60.63,14.27
2021-11-30,2476.06,1666.74,1312.5,97005589.0,234976.0,1555494.0,3288.0,2330.69,70.38,60.75,14.62
2021-12-01,2471.8,1660.08,1337.5,97279233.0,273644.0,1559497.0,4003.0,2330.02,70.52,60.87,15.02
2021-12-02,2471.63,1659.82,1337.5,97555325.0,276092.0,1567268.0,7771.0,2329.84,70.66,60.99,15.43
2021-12-03,2471.5,1659.62,1300.0,97871024.0,315699.0,1570491.0,3223.0,2326.6,70.8,61.14,15.87
2021-12-04,2471.29,1659.33,1325.0,98006548.0,135524.0,1571887.0,1396.0,2328.02,70.89,61.28,16.1
2021-12-05,2469.93,1659.1,1325.0,98119280.0,112732.0,1572710.0,823.0,2326.79,70.94,61.34,16.21
2021-12-06,2471.9,1663.54,1312.5,98469422.0,350142.0,1575567.0,2857.0,2326.96,71.06,61.44,16.55
2021-12-07,2472.54,1661.27,1325.0,98694012.0,224590.0,1578600.0,3033.0,2329.1,71.18,61.54,16.91
2021-12-08,2472.36,1661.06,1325.0,98992684.0,298672.0,1582246.0,3646.0,2328.96,71.3,61.65,17.27
2021-12-09,2474.17,1663.91,1325.0,99239730.0,247046.0,1585350.0,3104.0,2330.56,71.42,61.75,17.63
2021-12-10,2473.94,1663.55,1325.0,99554569.0,314839.0,1588856.0,3506.0,2330.36,71.55,61.88,18.02
2021-12-11,2470.21,1663.31,1337.5,99669525.0,114956.0,1590104.0,1248.0,2328.63,71.63,61.98,18.22
2021-12-12,2470.74,1664.08,1362.5,99775979.0,106454.0,1590841.0,737.0,2332.2,71.68,62.02,18.33
2021-12-13,2461.13,1652.81,1337.5,100142795.0,366816.0,1593626.0,2785.0,2320.68,71.78,62.1,18.63
2021-12-14,2376.94,1520.56,1337.5,100368931.0,226136.0,1596660.0,3034.0,2247.0,71.89,62.19,18.96
2021-12-15,2373.1,1520.2,1337.5,100660120.0,291189.0,1601131.0,4471.0,2243.69,72.0,62.27,19.29
2021-12-16,2375.25,1523.41,1337.5,100943570.0,283450.0,1603667.0,2536.0,2245.48,72.12,62.32,19.63
2021-12-17,2376.15,1524.98,1337.5,101327620.0,384050.0,1607394.0,3727.0,2246.33,72.25,62.4,20.01
2021-12-18,2376.03,1524.67,1337.5,101488931.0,161311.0,1608747.0,1353.0,2246.16,72.34,62.45,20.22
2021-12-19,2375.88,1524.47,1337.5,101667980.0,179049.0,1609386.0,639.0,2246.02,72.39,62.47,20.34
2021-12-20,2376.94,1526.15,1312.5,102148032.0,480052.0,1612489.0,3103.0,2243.89,72.52,62.54,20.69
2021-12-21,2378.71,1532.62,1287.5,102511166.0,363134.0,1616314.0,3825.0,2242.32,72.66,62.61,21.08
2021-12-22,2376.74,1525.84,1337.5,103003877.0,492711.0,1624684.0,8370.0,2246.81,72.79,62.69,21.43
2021-12-23,2375.8,1524.43,1337.5,103546202.0,542325.0,1627499.0,2815.0,2245.99,72.9,62.74,21.71
2021-12-24,2373.12,1518.8799999999999,1337.5,104042421.0,496219.0,1628877.0,1378.0,2243.64,72.94,62.76,21.78
2021-12-25,2373.12,1518.8799999999999,1337.5,104201591.0,159170.0,1629358.0,481.0,2243.64,72.94,62.76,21.78
2021-12-26,2373.12,1518.87,1337.5,104562703.0,361112.0,1630096.0,738.0,2243.64,72.98,62.78,21.86
2021-12-27,2376.41,1523.97,1337.5,105573193.0,1010490.0,1633786.0,3690.0,2246.53,73.09,62.85,22.13
2021-12-28,2379.77,1529.27,1337.5,106316088.0,742895.0,1638369.0,4583.0,2249.5,73.23,62.93,22.44
2021-12-29,2379.63,1528.95,1337.5,107330773.0,1014685.0,1643102.0,4733.0,2249.33,73.36,63.0,22.75
2021-12-30,2379.4,1528.7,1337.5,108511276.0,1180503.0,1646077.0,2975.0,2249.19,73.48,63.07,23.03
2021-12-31,2267.35,1354.28,1337.5,109519451.0,1008175.0,1647530.0,1453.0,2151.12,73.53,63.09,23.13
2022-01-01,2271.15,1362.61,1337.5,109902708.0,383257.0,1648328.0,798.0,2154.46,73.54,63.1,23.15
2022-01-02,2271.15,1362.61,1337.5,110474962.0,572254.0,1649135.0,807.0,2154.46,73.58,63.13,23.23
2022-01-03,2274.71,1370.93,1337.5,112551392.0,2076430.0,1652934.0,3799.0,2157.57,73.68,63.19,23.45
2022-01-04,2274.16,1370.03,1337.5,114205423.0,1654031.0,1657591.0,4657.0,2157.08,73.79,63.25,23.7
2022-01-05,2273.86,1369.65,1337.5,115549888.0,1344465.0,1662045.0,4454.0,2156.81,73.91,63.32,23.96
2022-01-06,2273.66,1369.24,1337.5,117221551.0,1671663.0,1666223.0,4178.0,2156.61,74.02,63.38,24.23
2022-01-07,2275.11,1371.53,1337.5,118967734.0,1746183.0,1671076.0,4853.0,2157.91,74.14,63.46,24.53
2022-01-08,2278.42,1371.11,1337.5,119775241.0,807507.0,1672812.0,1736.0,2160.77,74.22,63.51,24.71
2022-01-09,2278.18,1370.81,1362.5,120752473.0,977232.0,1674038.0,1226.0,2163.71,74.26,63.53,24.8
2022-01-10,2281.59,1376.12,1362.5,123455813.0,2703340.0,1678145.0,4107.0,2166.72,74.36,63.59,25.02
2022-01-11,2273.37,1366.08,1362.5,125026154.0,1570341.0,1683168.0,5023.0,2159.51,74.47,63.65,25.25
2022-01-12,2273.55,1367.8,1362.5,126724796.0,1698642.0,1688836.0,5668.0,2159.67,74.57,63.71,25.48
2022-01-13,2272.01,1365.39,1362.5,128440603.0,1715807.0,1693928.0,5092.0,2158.36,74.67,63.77,25.71
2022-01-14,2264.55,1359.34,1362.5,130186190.0,1745587.0,1699488.0,5560.0,2151.82,74.78,63.83,25.99
2022-01-15,2266.37,1362.11,1375.0,131008828.0,822638.0,1701484.0,1996.0,2154.96,74.85,63.85,26.13
2022-01-16,2266.36,1362.11,1375.0,131974150.0,965322.0,1702990.0,1506.0,2154.96,74.88,63.87,26.2
2022-01-17,2269.93,1365.8,1375.0,133286572.0,1312422.0,1705053.0,2063.0,2158.07,74.95,63.91,26.34
2022-01-18,2268.54,1359.65,1400.0,135553781.0,2267209.0,1710506.0,5453.0,2160.03,75.03,63.97,26.51
2022-01-19,2262.19,1354.75,1400.0,137369779.0,1815998.0,1717439.0,6933.0,2154.42,75.1,64.03,26.67
2022-01-20,2264.04,1357.69,1400.0,138823571.0,1453792.0,1723271.0,5832.0,2156.08,75.17,64.08,26.83
2022-01-21,2260.24,1357.25,1375.0,140471220.0,1647649.0,1730006.0,6735.0,2149.53,75.26,64.13,27.02
2022-01-22,2258.14,1353.19,1375.0,141081019.0,609799.0,1732020.0,2014.0,2147.77,75.31,64.16,27.13
2022-01-23,2258.25,1354.75,1375.0,141816873.0,735854.0,1733469.0,1449.0,2147.87,75.33,64.17,27.18
2022-01-24,2246.32,1347.29,1375.0,143635925.0,1819052.0,1737808.0,4339.0,2137.38,75.4,64.22,27.31
2022-01-25,2225.87,1325.95,1300.0,144619539.0,983614.0,1744093.0,6285.0,2110.15,75.46,64.28,27.44
2022-01-26,2221.15,1326.09,1300.0,145969741.0,1350202.0,1751800.0,7707.0,2106.01,75.52,64.33,27.56
2022-01-27,2218.0,1321.16,1300.0,146973082.0,1003341.0,1757013.0,5213.0,2103.28,75.58,64.38,27.68
2022-01-28,2217.7,1320.76,1300.0,148195007.0,1221925.0,1765159.0,8146.0,2103.01,75.65,64.45,27.84
2022-01-29,2217.41,1320.31,1300.0,148555888.0,360881.0,1767545.0,2386.0,2102.74,75.68,64.48,27.91
2022-01-30,2217.21,1320.02,1300.0,148954863.0,398975.0,1768496.0,951.0,2102.56,75.7,64.5,27.94
2022-01-31,2219.21,1321.2,1300.0,150026672.0,1071809.0,1773698.0,5202.0,2104.26,75.75,64.55,28.04
2022-02-01,2217.75,1317.73,1275.0,150678374.0,651702.0,1780400.0,6702.0,2099.88,75.8,64.6,28.13
2022-02-02,2209.48,1308.58,1275.0,151331568.0,653194.0,1787561.0,7161.0,2092.65,75.84,64.65,28.21
2022-02-03,2209.02,1307.9,1275.0,151875264.0,543696.0,1792502.0,4941.0,2092.27,75.88,64.69,28.28
2022-02-04,2208.75,1307.43,1287.5,152582982.0,707718.0,1800729.0,8227.0,2093.59,75.93,64.75,28.38
2022-02-05,2208.51,1307.07,1287.5,152757392.0,174410.0,1802565.0,1836.0,2093.31,75.96,64.79,28.44
2022-02-06,2210.86,1306.79,1325.0,152924586.0,167194.0,1803490.0,925.0,2100.08,75.98,64.81,28.46
2022-02-07,2210.72,1306.59,1325.0,153610364.0,685778.0,1809263.0,5773.0,2099.97,76.02,64.85,28.53
2022-02-08,2210.98,1314.85,1325.0,154036883.0,426519.0,1815249.0,5986.0,2100.2,76.05,64.89,28.6
2022-02-09,2210.71,1314.34,1325.0,154410505.0,373622.0,1821899.0,6650.0,2099.94,76.09,64.93,28.67
2022-02-10,2210.39,1313.97,1325.0,154749502.0,338997.0,1828388.0,6489.0,2099.67,76.13,64.98,28.74
2022-02-11,2205.69,1306.63,1325.0,155164322.0,414820.0,1833773.0,5385.0,2095.58,76.18,65.03,28.83
2022-02-12,2206.65,1308.11,1325.0,155268800.0,104478.0,1835398.0,1625.0,2096.41,76.21,65.06,28.87
2022-02-13,2206.4900000000002,1307.87,1325.0,155385700.0,116900.0,1836557.0,1159.0,2096.25,76.22,65.07,28.89
2022-02-14,2206.37,1307.65,1325.0,155720379.0,334679.0,1842914.0,6357.0,2096.19,76.25,65.1,28.94
2022-02-15,2211.75,1312.4,1325.0,155940848.0,220469.0,1848107.0,5193.0,2100.89,76.28,65.14,28.99
2022-02-16,2212.35,1312.12,1312.5,156167222.0,226374.0,1854465.0,6358.0,2099.88,76.31,65.17,29.05
2022-02-17,2211.08,1311.59,1312.5,156367290.0,200068.0,1860365.0,5900.0,2098.7400000000002,76.34,65.21,29.11
2022-02-18,2211.8,1311.23,1312.5,156654086.0,286796.0,1865357.0,4992.0,2099.36,76.37,65.25,29.19
2022-02-19,2210.72,1310.97,1312.5,156717401.0,63315.0,1866724.0,1367.0,2098.38,76.4,65.28,29.22
2022-02-20,2211.61,1310.97,1312.5,156763420.0,46019.0,1867609.0,885.0,2099.15,76.41,65.29,29.24
2022-02-21,2201.88,1296.76,1287.5,156922708.0,159288.0,1869438.0,1829.0,2087.52,76.43,65.31,29.29
2022-02-22,2185.82,1269.99,1287.5,157100457.0,177749.0,1873776.0,4338.0,2073.5,76.46,65.34,29.34
2022-02-23,2184.48,1267.8,1287.5,157267948.0,167491.0,1879959.0,6183.0,2072.31,76.49,65.37,29.38
2022-02-24,2184.29,1267.58,1287.5,157400037.0,132089.0,1885860.0,5901.0,2072.17,76.51,65.4,29.43
2022-02-25,2183.41,1266.19,1287.5,157546713.0,146676.0,1890022.0,4162.0,2071.42,76.54,65.43,29.49
2022-02-26,2183.25,1265.98,1287.5,157641348.0,94635.0,1891541.0,1519.0,2071.25,76.56,65.45,29.52
2022-02-27,2183.25,1265.97,1300.0,157678095.0,36747.0,1891987.0,446.0,2072.81,76.57,65.46,29.54
2022-02-28,2176.27,1253.75,1300.0,157871794.0,193699.0,1896270.0,4283.0,2066.71,76.59,65.48,29.59
2022-03-01,2172.02,1245.73,1287.5,157963895.0,92101.0,1899796.0,3526.0,2061.46,76.61,65.51,29.63
2022-03-02,2172.39,1245.5,1287.5,158069419.0,105524.0,1903972.0,4176.0,2061.73,76.63,65.53,29.66
2022-03-03,2167.7599999999998,1238.28,1287.5,158165770.0,96351.0,1907383.0,3411.0,2057.65,76.65,65.55,29.7
2022-03-04,2168.47,1238.01,1287.5,158274451.0,108681.0,1910882.0,3499.0,2058.3,76.68,65.57,29.74
2022-03-05,2162.68,1236.01,1287.5,158304410.0,29959.0,1911499.0,617.0,2053.25,76.69,65.59,29.76
2022-03-06,2159.31,1229.4,1250.0,158329313.0,24903.0,1911924.0,425.0,2045.6299999999999,76.7,65.6,29.78
2022-03-07,2153.01,1226.06,1250.0,158444266.0,114953.0,1915298.0,3374.0,2040.08,76.72,65.61,29.8
2022-03-08,2148.53,1221.38,1275.0,158502776.0,58510.0,1918130.0,2832.0,2039.28,76.73,65.63,29.83
2022-03-09,2150.82,1219.4,1275.0,158576370.0,73594.0,1922173.0,4043.0,2041.29,76.75,65.65,29.86
2022-03-10,2150.67,1219.19,1275.0,158667492.0,91122.0,1925715.0,3542.0,2041.14,76.77,65.67,29.89
2022-03-11,2149.6,1218.85,1275.0,158764480.0,96988.0,1929031.0,3316.0,2040.25,76.79,65.69,29.93
2022-03-12,2148.98,1218.74,1275.0,158785183.0,20703.0,1929587.0,556.0,2039.69,76.8,65.7,29.95
2022-03-13,2148.86,1218.64,1275.0,158807444.0,22261.0,1929973.0,386.0,2039.64,76.8,65.71,29.96
2022-03-14,2148.18,1217.53,1275.0,158876179.0,68735.0,1932595.0,2622.0,2039.01,76.82,65.72,29.98
2022-03-15,2143.33,1215.51,1250.0,158922837.0,46658.0,1934754.0,2159.0,2031.61,76.84,65.74,30.01
2022-03-16,2130.16,1195.05,1250.0,159012043.0,89206.0,1938452.0,3698.0,2020.09,76.85,65.76,30.04
2022-03-17,2130.12,1194.95,1250.0,159115505.0,103462.0,1941444.0,2992.0,2020.01,76.87,65.77,30.07
2022-03-18,2129.99,1194.74,1250.0,159178229.0,62724.0,1943076.0,1632.0,2019.91,76.89,65.79,30.11
2022-03-19,2129.87,1194.62,1250.0,159200176.0,21947.0,1943645.0,569.0,2019.86,76.9,65.8,30.13
2022-03-20,2129.82,1194.55,1250.0,159223184.0,23008.0,1943821.0,176.0,2019.82,76.9,65.81,30.14
2022-03-21,2122.49,1183.14,1250.0,159305542.0,82358.0,1946389.0,2568.0,2013.39,76.92,65.82,30.16
2022-03-22,2123.07,1184.06,1250.0,159347607.0,42065.0,1947938.0,1549.0,2013.92,76.93,65.83,30.19
2022-03-23,2122.95,1183.93,1250.0,159426942.0,79335.0,1951217.0,3279.0,2013.8,76.95,65.85,30.22
2022-03-24,2122.9,1183.72,1250.0,159510410.0,83468.0,1952945.0,1728.0,2013.71,76.97,65.86,30.24
2022-03-25,2122.84,1183.58,1250.0,159598610.0,88200.0,1954184.0,1239.0,2013.65,76.99,65.88,30.28
2022-03-26,2122.71,1183.5,1250.0,159617348.0,18738.0,1954486.0,302.0,2013.57,77.0,65.89,30.3
2022-03-27,2122.64,1183.43,1250.0,159641130.0,23782.0,1954608.0,122.0,2013.52,77.0,65.89,30.3
2022-03-28,2120.65,1180.34,1262.5,159715262.0,74132.0,1956642.0,2034.0,2013.35,77.02,65.9,30.33
2022-03-29,2127.32,1186.1,1262.5,159761460.0,46198.0,1958613.0,1971.0,2019.18,77.03,65.91,30.36
2022-03-30,2123.28,1180.68,1262.5,159837246.0,75786.0,1960947.0,2334.0,2015.6,77.05,65.93,30.44
2022-03-31,2123.21,1180.52,1262.5,159925645.0,88399.0,1961976.0,1029.0,2015.55,77.07,65.95,30.56
2022-04-01,2119.52,1174.87,1212.5,159986877.0,61232.0,1963636.0,1660.0,2006.07,77.1,65.98,30.71
2022-04-02,2119.43,1174.69,1212.5,160010476.0,23599.0,1963952.0,316.0,2005.97,77.11,65.99,30.78
2022-04-03,2116.9900000000002,1174.6,1212.5,160019874.0,9398.0,1964072.0,120.0,2003.85,77.12,66.0,30.83
2022-04-04,2118.7,1174.53,1200.0,160094987.0,75113.0,1965256.0,1184.0,2003.79,77.14,66.02,30.95
2022-04-05,2110.03,1165.05,1175.0,160144575.0,49588.0,1966277.0,1021.0,1993.11,77.16,66.04,31.08
2022-04-06,2109.92,1164.96,1175.0,160223860.0,79285.0,1968533.0,2256.0,1993.03,77.18,66.06,31.21
2022-04-07,2109.82,1164.72,1175.0,160321752.0,97892.0,1970201.0,1668.0,1992.89,77.2,66.07,31.34
2022-04-08,2109.75,1164.61,1175.0,160467236.0,145484.0,1971480.0,1279.0,1992.81,77.22,66.1,31.49
2022-04-09,2107.22,1164.47,1175.0,160492610.0,25374.0,1971767.0,287.0,1990.67,77.23,66.11,31.57
2022-04-10,2107.19,1164.39,1175.0,160510960.0,18350.0,1971824.0,57.0,1990.6299999999999,77.24,66.12,31.61
2022-04-11,2113.27,1168.32,1200.0,160586139.0,75179.0,1972490.0,666.0,1999.07,77.26,66.14,31.74
2022-04-12,2107.45,1161.58,1200.0,160656280.0,70141.0,1973677.0,1187.0,1994.0,77.28,66.16,31.88
2022-04-13,2107.33,1161.44,1200.0,160760909.0,104629.0,1975950.0,2273.0,1993.87,77.3,66.18,32.02
2022-04-14,2107.2599999999998,1161.27,1200.0,160860750.0,99841.0,1977194.0,1244.0,1993.79,77.32,66.19,32.15
2022-04-15,2106.93,1160.8,1200.0,160908489.0,47739.0,1977896.0,702.0,1993.53,77.34,66.21,32.28
2022-04-16,2106.93,1160.79,1200.0,160954669.0,46180.0,1978182.0,286.0,1993.53,77.35,66.22,32.33
2022-04-17,2106.8,1160.55,1200.0,160965736.0,11067.0,1978203.0,21.0,1993.3700000000001,77.36,66.23,32.34
2022-04-18,2066.53,1160.52,1200.0,161083649.0,117913.0,1978717.0,514.0,1958.22,77.37,66.24,32.46
2022-04-19,2053.85,1148.11,1200.0,161160066.0,76417.0,1979593.0,876.0,1947.09,77.39,66.26,32.58
2022-04-20,2042.72,1139.06,1225.0,161293263.0,133197.0,1981403.0,1810.0,1940.47,77.41,66.28,32.7
2022-04-21,2041.3,1136.88,1225.0,161410217.0,116954.0,1982203.0,800.0,1939.28,77.43,66.3,32.82
2022-04-22,2040.59,1136.87,1225.0,161583092.0,172875.0,1983254.0,1051.0,1938.65,77.45,66.31,32.93
2022-04-23,2040.41,1136.62,1225.0,161619145.0,36053.0,1983362.0,108.0,1938.5,77.46,66.32,32.98
2022-04-24,2040.36,1136.49,1225.0,161643042.0,23897.0,1983426.0,64.0,1938.44,77.46,66.33,33.01
2022-04-25,2040.32,1136.46,1225.0,161777175.0,134133.0,1983956.0,530.0,1938.41,77.48,66.34,33.1
2022-04-26,2028.17,1135.13,1200.0,161866691.0,89516.0,1984595.0,639.0,1924.67,77.5,66.36,33.21
2022-04-27,2029.9,1137.86,1225.0,162043239.0,176548.0,1986198.0,1603.0,1929.31,77.51,66.37,33.31
2022-04-28,2031.68,1137.86,1200.0,162192885.0,149646.0,1987019.0,821.0,1927.74,77.53,66.39,33.42
2022-04-29,2031.49,1137.53,1212.5,162310199.0,117314.0,1987861.0,842.0,1929.11,77.55,66.41,33.53
2022-04-30,2031.3700000000001,1137.43,1212.5,162354250.0,44051.0,1988085.0,224.0,1929.04,77.56,66.42,33.58
2022-05-01,2031.34,1137.37,1212.5,162383743.0,29493.0,1988128.0,43.0,1928.99,77.56,66.42,33.61
2022-05-02,2031.31,1137.31,1212.5,162568826.0,185083.0,1988718.0,590.0,1928.98,77.58,66.44,33.7
2022-05-03,2025.6100000000001,1129.8,1212.5,162667643.0,98817.0,1989611.0,893.0,1923.96,77.59,66.45,33.79
2022-05-04,2025.55,1129.73,1212.5,162887532.0,219889.0,1993510.0,3899.0,1923.9,77.61,66.46,33.88
2022-05-05,2026.63,1125.86,1212.5,163058475.0,170943.0,1994103.0,593.0,1924.8799999999999,77.62,66.48,33.97
2022-05-06,2027.17,1125.71,1212.5,163309831.0,251356.0,1994860.0,757.0,1925.4,77.64,66.5,34.07
2022-05-07,2027.11,1125.6100000000001,1212.5,163361586.0,51755.0,1995232.0,372.0,1925.38,77.65,66.5,34.11
2022-05-08,2027.1,1125.55,1212.5,163374742.0,13156.0,1995291.0,59.0,1925.32,77.65,66.51,34.13
2022-05-09,2027.07,1125.45,1212.5,163624660.0,249918.0,1995798.0,507.0,1925.28,77.67,66.52,34.22
2022-05-10,2019.02,1115.7,1187.5,163765299.0,140639.0,1996449.0,651.0,1915.11,77.68,66.54,34.31
2022-05-11,2018.37,1114.69,1187.5,164082058.0,316759.0,1998297.0,1848.0,1914.54,77.7,66.55,34.4
2022-05-12,2018.04,1114.22,1187.5,164286398.0,204340.0,1998410.0,113.0,1914.23,77.71,66.56,34.5
2022-05-13,2017.96,1114.08,1187.5,164455420.0,169022.0,1998815.0,405.0,1914.19,77.73,66.58,34.6
2022-05-14,2017.84,1113.92,1187.5,164487318.0,31898.0,1998932.0,117.0,1914.1,77.74,66.59,34.65
2022-05-15,2017.8,1113.8799999999999,1187.5,164545836.0,58518.0,1999003.0,71.0,1914.06,77.75,66.59,34.68
2022-05-16,2017.76,1113.86,1175.0,164896042.0,350206.0,1999496.0,493.0,1912.46,77.76,66.61,34.76
2022-05-17,2023.03,1120.63,1175.0,165066254.0,170212.0,2000279.0,783.0,1917.06,77.78,66.62,34.85
2022-05-18,2022.98,1120.52,1175.0,165469851.0,403597.0,2002210.0,1931.0,1917.01,77.79,66.64,34.94
2022-05-19,2022.9,1120.41,1175.0,165733816.0,263965.0,2002872.0,662.0,1916.93,77.81,66.65,35.04
2022-05-20,2022.8700000000001,1120.34,1175.0,166024217.0,290401.0,2003701.0,829.0,1916.9,77.83,66.67,35.15
2022-05-21,2022.77,1120.14,1175.0,166075388.0,51171.0,2003842.0,141.0,1916.84,77.84,66.68,35.21
2022-05-22,2022.72,1120.1,1175.0,166105180.0,29792.0,2003926.0,84.0,1916.79,77.85,66.68,35.24
2022-05-23,2018.5,1116.34,1175.0,166392948.0,287768.0,2004419.0,493.0,1913.1200000000001,77.86,66.7,35.33
2022-05-24,2020.22,1121.4,1175.0,166559886.0,166938.0,2005098.0,679.0,1914.6100000000001,77.88,66.71,35.43
2022-05-25,2022.27,1123.2,1200.0,166974169.0,414283.0,2007257.0,2159.0,1919.51,77.89,66.72,35.52
2022-05-26,2022.16,1123.04,1200.0,167239035.0,264866.0,2007960.0,703.0,1919.42,77.91,66.74,35.61
2022-05-27,2022.05,1122.91,1200.0,167449969.0,210934.0,2009019.0,1059.0,1919.3500000000001,77.93,66.75,35.7
2022-05-28,2022.05,1122.9,1200.0,167472923.0,22954.0,2009085.0,66.0,1919.3500000000001,77.94,66.76,35.74
2022-05-29,2022.05,1122.9,1200.0,167482919.0,9996.0,2009115.0,30.0,1919.3500000000001,77.94,66.76,35.77
2022-05-30,2022.05,1122.9,1200.0,167605372.0,122453.0,2009199.0,84.0,1919.3500000000001,77.94,66.76,35.77
2022-05-31,2021.33,1119.27,1200.0,167938950.0,333578.0,2009929.0,730.0,1918.66,77.96,66.78,35.85
2022-06-01,2021.24,1119.21,1200.0,168393895.0,454945.0,2011271.0,1342.0,1918.61,77.97,66.79,35.93
2022-06-02,2021.16,1119.1299999999999,1200.0,168634676.0,240781.0,2011919.0,648.0,1918.53,77.99,66.8,36.01
2022-06-03,2021.0,1118.92,1200.0,168941735.0,307059.0,2012711.0,792.0,1918.43,78.0,66.82,36.09
2022-06-04,2020.95,1118.75,1200.0,168992550.0,50815.0,2013015.0,304.0,1918.34,78.01,66.82,36.13
2022-06-05,2024.51,1124.26,1200.0,169020735.0,28185.0,2013080.0,65.0,1921.44,78.02,66.83,36.15
2022-06-06,2024.23,1123.84,1225.0,169337469.0,316734.0,2013644.0,564.0,1924.34,78.03,66.84,36.22
2022-06-07,2020.58,1123.72,1250.0,169510298.0,172829.0,2014584.0,940.0,1924.29,78.04,66.85,36.29
2022-06-08,2020.52,1123.59,1250.0,169903856.0,393558.0,2016967.0,2383.0,1924.19,78.06,66.86,36.35
2022-06-09,2020.1,1123.02,1250.0,170160354.0,256498.0,2017553.0,586.0,1923.83,78.07,66.87,36.42
2022-06-10,2020.01,1122.92,1250.0,170368958.0,208604.0,2018285.0,732.0,1923.76,78.08,66.88,36.49
2022-06-11,2019.94,1122.78,1250.0,170436491.0,67533.0,2018497.0,212.0,1923.72,78.09,66.89,36.52
2022-06-12,2017.18,1118.52,1250.0,170468154.0,31663.0,2018551.0,54.0,1921.33,78.1,66.89,36.54
2022-06-13,1960.57,1077.16,1200.0,170769059.0,300905.0,2019130.0,579.0,1898.17,78.11,66.9,36.59
2022-06-14,1957.94,1073.02,1200.0,170948832.0,179773.0,2019848.0,718.0,1895.82,78.12,66.91,36.65
2022-06-15,1959.56,1072.76,1200.0,171314078.0,365246.0,2021251.0,1403.0,1897.21,78.13,66.93,36.71
2022-06-16,1959.48,1072.63,1200.0,171569584.0,255506.0,2022133.0,882.0,1897.19,78.15,66.94,36.77
2022-06-17,1964.84,1080.97,1200.0,171843645.0,274061.0,2022765.0,632.0,1901.87,78.16,66.95,36.83
2022-06-18,1959.48,1072.62,1200.0,171876080.0,32435.0,2022837.0,72.0,1897.18,78.17,66.95,36.85
2022-06-19,1961.7,1076.06,1200.0,171905925.0,29845.0,2022944.0,107.0,1899.12,78.17,66.95,36.86
2022-06-20,1961.7,1076.06,1200.0,172095796.0,189871.0,2023131.0,187.0,1899.12,78.18,66.96,36.91
2022-06-21,1962.76,1077.71,1200.0,172317549.0,221753.0,2024029.0,898.0,1900.05,78.2,66.97,36.96
2022-06-22,1962.59,1077.38,1200.0,172686456.0,368907.0,2025729.0,1700.0,1899.82,78.22,66.98,37.01
2022-06-23,1962.59,1077.38,1200.0,172957168.0,270712.0,2026483.0,754.0,1899.82,78.24,66.99,37.06
2022-06-24,1962.59,1077.38,1200.0,173187408.0,230240.0,2027368.0,885.0,1899.82,78.26,67.0,37.12
2022-06-25,1962.59,1077.38,1200.0,173264861.0,77453.0,2027658.0,290.0,1899.82,78.28,67.01,37.14
2022-06-26,1962.58,1077.3700000000001,1200.0,173305681.0,40820.0,2027696.0,38.0,1899.82,78.29,67.01,37.15
2022-06-27,1928.78,1056.28,1150.0,173624387.0,318706.0,2028291.0,595.0,1902.09,78.31,67.02,37.2
2022-06-28,1928.78,1056.28,1150.0,173818854.0,194467.0,2029430.0,1139.0,1902.09,78.33,67.03,37.24
2022-06-29,1915.26,1053.8799999999999,1237.5,174195336.0,376482.0,2030867.0,1437.0,1901.25,78.35,67.04,37.29
2022-06-30,1911.69,1053.8799999999999,1237.5,174524862.0,329526.0,2030304.0,-563.0,1898.12,78.37,67.05,37.34
2022-07-01,1911.69,1053.8799999999999,1237.5,174835466.0,310604.0,2031300.0,996.0,1898.11,78.39,67.06,37.38
2022-07-02,1911.69,1053.87,1237.5,174872402.0,36936.0,2031381.0,81.0,1898.11,78.4,67.06,37.4
2022-07-03,1869.68,1033.88,1237.5,174887572.0,15170.0,2031393.0,12.0,1905.56,78.41,67.06,37.41
2022-07-04,1869.68,1033.88,1237.5,175039737.0,152165.0,2031549.0,156.0,1905.56,78.41,67.06,37.41
2022-07-05,1757.76,974.6,1087.5,175322957.0,283220.0,2032466.0,917.0,1889.28,78.43,67.07,37.46
2022-07-06,1757.49,974.17,1050.0,175723714.0,400757.0,2033996.0,1530.0,1874.99,78.45,67.08,37.5
2022-07-07,1757.48,974.17,1050.0,176001084.0,277370.0,2036138.0,2142.0,1874.99,78.47,67.09,37.55
2022-07-08,1826.57,1013.12,1150.0,176263656.0,262572.0,2037192.0,1054.0,1885.67,78.49,67.1,37.6
2022-07-09,1826.57,1013.12,1150.0,176318959.0,55303.0,2037274.0,82.0,1885.67,78.5,67.11,37.63
2022-07-10,1825.3799999999999,1013.12,1150.0,176364578.0,45619.0,2037332.0,58.0,1884.63,78.51,67.11,37.64
2022-07-11,1716.2,951.6,1050.0,176765097.0,400519.0,2038267.0,935.0,1884.74,78.53,67.12,37.69
2022-07-12,1713.73,946.74,1150.0,177060788.0,295691.0,2039386.0,1119.0,1901.28,78.55,67.13,37.74
2022-07-13,1674.77,926.87,1100.0,177466880.0,406092.0,2041327.0,1941.0,1883.83,78.57,67.14,37.81
2022-07-14,1674.76,926.87,1100.0,177813891.0,347011.0,2042064.0,737.0,1883.83,78.59,67.15,37.88
2022-07-15,1674.76,926.87,1075.0,178115743.0,301852.0,2043076.0,1012.0,1880.7,78.61,67.16,37.96
2022-07-16,1673.7,925.22,1075.0,178193374.0,77631.0,2043172.0,96.0,1879.78,78.63,67.17,37.99
2022-07-17,1634.42,928.22,1050.0,178248529.0,55155.0,2043277.0,105.0,1878.6399999999999,78.63,67.17,38.01
2022-07-18,1597.24,910.2,1000.0,178576962.0,328433.0,2044156.0,879.0,1877.42,78.65,67.19,38.08
2022-07-19,1586.63,924.96,1125.0,178810585.0,233623.0,2045411.0,1255.0,1871.24,78.67,67.2,38.15
2022-07-20,1212.65,712.65,887.5,179239550.0,428965.0,2047204.0,1793.0,1893.72,78.7,67.21,38.21
2022-07-21,1212.65,712.65,887.5,179586671.0,347121.0,2048190.0,986.0,1893.72,78.72,67.22,38.27
2022-07-22,1212.65,712.65,887.5,179847346.0,260675.0,2049340.0,1150.0,1893.72,78.74,67.24,38.35
2022-07-23,1247.05,712.65,887.5,179896815.0,49469.0,2049477.0,137.0,1900.08,78.75,67.25,38.38
2022-07-24,1247.04,712.65,887.5,179940063.0,43248.0,2049531.0,54.0,1900.08,78.76,67.25,38.4
2022-07-25,1198.73,685.64,837.5,180317651.0,377588.0,2050376.0,845.0,1884.7,78.77,67.26,38.46
2022-07-26,1037.6,588.23,687.5,180581294.0,263643.0,2051472.0,1096.0,1856.34,78.79,67.28,38.51
2022-07-27,1037.38,587.88,687.5,181058415.0,477121.0,2053366.0,1894.0,1855.9199999999998,78.81,67.29,38.57
2022-07-28,1003.13,565.16,662.5,181409389.0,350974.0,2054159.0,793.0,1840.26,78.83,67.3,38.62
2022-07-29,1003.13,565.16,662.5,181724875.0,315486.0,2055402.0,1243.0,1840.26,78.85,67.31,38.67
2022-07-30,1003.13,565.16,662.5,181753651.0,28776.0,2055454.0,52.0,1840.26,78.86,67.32,38.69
2022-07-31,1003.13,565.16,662.5,181776044.0,22393.0,2055477.0,23.0,1840.26,78.86,67.32,38.7
2022-08-01,1008.49,565.15,662.5,182114346.0,338302.0,2056624.0,1147.0,1844.9299999999998,78.88,67.33,38.74
2022-08-02,937.22,526.51,587.5,182295192.0,180846.0,2057632.0,1008.0,1847.49,78.9,67.34,38.79
2022-08-03,868.77,490.88,562.5,182692395.0,397203.0,2059815.0,2183.0,1866.9,78.91,67.35,38.83
2022-08-04,868.76,490.88,562.5,183062200.0,369805.0,2061042.0,1227.0,1866.9,78.93,67.37,38.86
2022-08-05,868.76,490.88,562.5,183271817.0,209617.0,2062470.0,1428.0,1866.9,78.95,67.38,38.91
2022-08-06,869.82,492.51,562.5,183298437.0,26620.0,2062542.0,72.0,1867.82,78.96,67.38,38.92
2022-08-07,869.82,492.51,562.5,183319284.0,20847.0,2062593.0,51.0,1867.82,78.96,67.39,38.93
2022-08-08,869.82,492.51,562.5,183628547.0,309263.0,2063579.0,986.0,1867.82,78.98,67.4,38.97
2022-08-09,869.82,492.5,562.5,183827371.0,198824.0,2064862.0,1283.0,1867.82,78.99,67.41,39.0
2022-08-10,869.59,492.13,562.5,184216866.0,389495.0,2066738.0,1876.0,1867.25,79.01,67.42,39.04
2022-08-11,869.59,492.13,562.5,184538532.0,321666.0,2067832.0,1094.0,1867.25,79.02,67.43,39.07
2022-08-12,869.59,492.13,562.5,184729093.0,190561.0,2069126.0,1294.0,1867.25,79.04,67.44,39.1
2022-08-13,869.59,492.13,562.5,184893496.0,164403.0,2069196.0,70.0,1867.25,79.05,67.44,39.12
2022-08-14,869.59,492.13,562.5,184910760.0,17264.0,2069218.0,22.0,1867.25,79.05,67.45,39.13
2022-08-15,869.59,492.13,562.5,185155289.0,244529.0,2070142.0,924.0,1867.24,79.06,67.46,39.16
2022-08-16,718.47,415.38,462.5,185338029.0,182740.0,2071138.0,996.0,1874.09,79.08,67.46,39.19
2022-08-17,714.73,409.6,487.5,185608744.0,270715.0,2073329.0,2191.0,1870.65,79.09,67.47,39.22
2022-08-18,714.73,409.6,487.5,185903503.0,294759.0,2074522.0,1193.0,1870.65,79.11,67.48,39.25
2022-08-19,714.73,409.59000000000003,487.5,186056518.0,153015.0,2075683.0,1161.0,1870.64,79.12,67.49,39.28
2022-08-20,714.73,409.59000000000003,487.5,186076465.0,19947.0,2075740.0,57.0,1870.64,79.13,67.5,39.29
2022-08-21,714.73,409.59000000000003,487.5,186092600.0,16135.0,2076525.0,785.0,1870.64,79.13,67.5,39.29
2022-08-22,714.73,388.58,462.5,186347473.0,254873.0,2076764.0,239.0,1870.64,79.14,67.51,39.32
2022-08-23,682.71,370.26,462.5,186543487.0,196014.0,2077972.0,1208.0,1882.32,79.16,67.52,39.34
2022-08-24,724.21,434.76,462.5,186843080.0,299593.0,2079862.0,1890.0,1993.33,79.17,67.53,39.37
2022-08-25,724.21,434.76,462.5,187117337.0,274257.0,2081046.0,1184.0,1993.33,79.18,67.53,39.39
2022-08-26,724.21,434.76,462.5,187355949.0,238612.0,2082414.0,1368.0,1993.33,79.19,67.54,39.42
2022-08-27,519.49,318.19,325.0,187376344.0,20395.0,2082464.0,50.0,1968.39,79.2,67.55,39.43
2022-08-28,519.49,318.19,325.0,187387981.0,11637.0,2082466.0,2.0,1968.39,79.2,67.55,39.43
2022-08-29,316.58,195.25,175.0,187591630.0,203649.0,2083383.0,917.0,1923.31,79.21,67.56,39.45
2022-08-30,151.12,94.8,100.0,187734599.0,142969.0,2084069.0,686.0,1843.99,79.22,67.56,39.47
2022-08-31,41.49,27.04,0.0,188040286.0,305687.0,2087103.0,3034.0,2146.6800000000003,79.23,67.57,39.48
2022-09-01,41.49,27.04,0.0,188273277.0,232991.0,2088452.0,1349.0,2146.6800000000003,79.24,67.57,39.49
2022-09-02,41.49,27.04,0.0,188436504.0,163227.0,2089388.0,936.0,2146.6800000000003,79.24,67.58,39.49
2022-09-03,0.0,0.0,0.0,188454237.0,17733.0,2089424.0,36.0,2146.6800000000003,79.24,67.58,39.5
2022-09-04,0.0,0.0,0.0,188464761.0,10524.0,2089425.0,1.0,2146.6800000000003,79.24,67.58,39.5
2022-09-05,0.0,0.0,0.0,188503831.0,39070.0,2089567.0,142.0,2146.6800000000003,79.25,67.58,39.5
2022-09-06,0.0,0.0,0.0,188761844.0,258013.0,2090809.0,1242.0,2146.6800000000003,79.25,67.58,39.5
2022-09-07,0.0,0.0,0.0,103838653.0,-84923191.0,0.0,-2090809.0,2146.6800000000003,,,
2022-09-08,0.0,0.0,0.0,103838653.0,0.0,0.0,0.0,2146.6800000000003,,,
